Compound,Molecule,Analog,Canonical SMILES,MW,BBB permeability,CNS permeability,BBB permeant,P-glycoprotein substrate,Pgp substrate,pgp_consensus,bbb_consensus,Consensus Log P,TPSA,ESOL Log S,Synthetic Accessibility,AMES toxicity,hERG I inhibitor,hERG II inhibitor,Hepatotoxicity,PAINS #alerts,Brenk #alerts,score_BBB_pkcsm_z,score_CNS_pkcsm_z,score_logp_fit_z,score_TPSA_z,score_ESOL_z,score_synth_access_z,continuous_score,penalty_ames,penalty_hepatotoxicity,penalty_hERG_I,penalty_hERG_II,penalty_PAINS,penalty_Brenk,penalty_BBB_swiss_no,categorical_penalty,decision_score,md_panel_role
A1,Molecule 1,A1,CCN(C(=O)Cn1c(=O)n(c2c1nc(nc2)c1ccccc1)C)Cc1ccc(cc1)OC(F)(F)F,485.46,-1.553,-2.647,No,Yes,No,Discordant,Concordant unfavorable,2.48,82.25,-5.88,3.31,Yes,No,Yes,No,0,0,-1.6458478417130955,0.37115660743535756,0.3308184463828529,-1.4142135623730985,-0.7220388351691935,0.17868542247296046,-0.4835732938273695,2.0,0.0,0.0,1.0,0.0,0.0,1.0,4.0,-1.8835732938273695,Not selected for first-pass MD
A2,Molecule 2,A2,CCN(C(=O)Cn1c(=O)n(c2c1nc(nc2)c1ccccc1)C)Cc1ccc(cc1)OC(F)F,467.47,-1.432,-2.787,No,Yes,No,Discordant,Concordant unfavorable,2.17,82.25,-5.62,3.31,Yes,No,Yes,No,0,0,-1.1781212499527713,0.07914454039286631,-0.7062416271094635,-1.4142135623730985,0.05656525436809449,0.17868542247296046,-0.49736353703356867,2.0,0.0,0.0,1.0,0.0,0.0,1.0,4.0,-1.8973635370335686,Not selected for first-pass MD
A3,Molecule 3,A3,CCN(C(=O)Cn1c2nc(ncc2n(c1=O)CC(F)(F)F)c1ccccc1)Cc1ccccc1,469.46,-0.984,-2.507,No,Yes,No,Discordant,Discordant,2.68,73.02,-5.71,3.32,No,No,Yes,No,0,0,0.5536267922672712,0.6631686744778479,0.9998894615391866,0.7071067811865444,-0.21295154585635118,0.07147416898918324,0.46371905543394704,0.0,0.0,0.0,1.0,0.0,0.0,1.0,2.0,-0.23628094456605292,MD comparator: balanced clean-toxicity candidate
A4,Molecule 4,A4,CCN(C(=O)Cn1c(=O)n(c2c1nc(nc2)c1ccccc1)C)Cc1ccc(cc1)F,419.45,-0.819,-2.64,Yes,Yes,No,Discordant,Concordant favorable,1.84,73.02,-4.97,3.16,Yes,No,Yes,No,0,0,1.1914357810313496,0.38575721078748143,-1.8102088021174125,0.7071067811865444,2.003075478211317,1.7868542247296524,0.7106701123048221,2.0,0.0,0.0,1.0,0.0,0.0,0.0,3.0,-0.3393298876951777,Not selected for first-pass MD
A5,Molecule 5,A5,FCCn1c(=O)n(c2c1cnc(n2)c1ccccc1)CC(=O)N(Cc1ccc(cc1F)F)CC,469.46,-1.192,-3.802,No,Yes,No,Discordant,Concordant unfavorable,2.74,73.02,-5.35,3.42,No,No,Yes,No,0,0,-0.25039908447774856,-2.0379429456651934,0.9329823600235532,0.7071067811865444,0.8651156550414341,-1.0006383658486129,-0.1306292666233372,0.0,0.0,0.0,1.0,0.0,0.0,1.0,2.0,-0.8306292666233371,Not selected for first-pass MD
A6,Molecule 6,A6,CCN(C(=O)Cn1c(=O)n(c2c1nc(nc2)c1ccccc1)C)Cc1cc(F)ccc1F,437.44,-0.996,-3.55,Yes,Yes,No,Discordant,Discordant,2.21,73.02,-5.14,3.24,Yes,No,Yes,No,0,0,0.50724068399352,-1.5123212249887092,-0.5724274240781968,0.7071067811865444,1.493988188898475,0.9291641968594154,0.2587918669785081,2.0,0.0,0.0,1.0,0.0,0.0,0.0,3.0,-0.7912081330214917,Not selected for first-pass MD
A7,Molecule 7,A7,CCN(C(=O)Cn1c(=O)n(c2c1nc(nc2)c1ccccc1)C(F)F)Cc1cc(F)ccc1F,473.42,-1.274,-3.534,No,Yes,No,Discordant,Concordant unfavorable,2.93,73.02,-5.8,3.34,No,No,Yes,No,0,0,-0.5673708243483816,-1.4789484173267102,0.297364895625037,0.7071067811865444,-0.4824683460807968,-0.142948337978376,-0.2778773748204472,0.0,0.0,0.0,1.0,0.0,0.0,1.0,2.0,-0.9778773748204472,MD comparator: PBPK exposure-maximized stress test
A8,Molecule 8,A8,CCN(C(=O)Cn1c(=O)n(c2c1nc(nc2)c1ccccc1)C)Cc1cc(Cl)ccc1Cl,470.35,-0.931,-2.339,Yes,Yes,No,Discordant,Concordant favorable,2.68,73.02,-6.01,3.26,Yes,No,Yes,No,0,0,0.7584987704763384,1.0135831549288374,0.9998894615391866,0.7071067811865444,-1.1113408799378375,0.7147416898918609,0.5137464963474884,2.0,0.0,0.0,1.0,0.0,0.0,0.0,3.0,-0.5362535036525115,Not selected for first-pass MD
A9,Molecule 9,A9,CCN(C(=O)Cn1c(=O)n(c2c1nc(nc2)c1ccccc1)C)Cc1ccc(cc1)OC(F)(F)F,485.46,-1.553,-2.647,No,Yes,No,Discordant,Concordant unfavorable,2.48,82.25,-5.88,3.31,Yes,No,Yes,No,0,0,-1.6458478417130955,0.37115660743535756,0.3308184463828529,-1.4142135623730985,-0.7220388351691935,0.17868542247296046,-0.4835732938273695,2.0,0.0,0.0,1.0,0.0,0.0,1.0,4.0,-1.8835732938273695,Not selected for first-pass MD
A10,Molecule 10,A10,CCN(C(=O)Cn1c(=O)n(c2c1nc(nc2)c1ccccc1)CC(F)(F)F)Cc1ccc(cc1)OC,499.48,-1.553,-2.71,No,Yes,No,Discordant,Concordant unfavorable,2.62,82.25,-5.78,3.43,No,No,Yes,Yes,0,0,-1.6458478417130955,0.23975117726623627,0.7991681569922865,-1.4142135623730985,-0.42257572380869896,-1.1078496193323948,-0.5919279021614609,0.0,2.0,0.0,1.0,0.0,0.0,1.0,4.0,-1.9919279021614607,Not selected for first-pass MD
A11,Molecule 11,A11,CCN(C(=O)Cn1c2nc(ncc2n(c1=O)COC(F)(F)F)c1ccccc1)Cc1ccccc1,485.46,-1.084,-2.624,No,Yes,No,Discordant,Concordant unfavorable,2.33,82.25,-5.76,3.46,No,No,Yes,No,0,0,0.16707588998601125,0.4191300184494804,-0.17098481498439658,-1.4142135623730985,-0.36268310153659844,-1.4294833797837314,-0.46519315837372216,0.0,0.0,0.0,1.0,0.0,0.0,1.0,2.0,-1.165193158373722,Not selected for first-pass MD
A12,Molecule 12,A12,CCN(C(=O)Cn1c2nc(ncc2n(c1=O)CC(F)(F)F)c1ccccc1)Cc1cccc(c1)F,487.45,-1.057,-2.549,No,Yes,No,Discordant,Concordant unfavorable,3.05,73.02,-5.87,3.36,No,No,Yes,Yes,0,0,0.27144463360195187,0.575565054365101,-0.10407771346876174,0.7071067811865444,-0.6920925240331446,-0.35737084494593524,0.06676256445095925,0.0,2.0,0.0,1.0,0.0,0.0,1.0,4.0,-1.3332374355490406,Not selected for first-pass MD
A13,Molecule 13,A13,CCN(C(=O)Cn1c2nc(ncc2n(c1=O)CF)c1ccccc1)Cc1cccc(c1)Cl,453.9,-1.287,-2.295,Yes,Yes,No,Discordant,Discordant,2.44,73.02,-5.68,3.29,No,No,Yes,Yes,0,0,-0.617622441644945,1.1053583759993346,0.19700424335158617,0.7071067811865444,-0.12311261244820174,0.3931079294405197,0.276973712647473,0.0,2.0,0.0,1.0,0.0,0.0,0.0,3.0,-0.7730262873525269,Not selected for first-pass MD
A14,Molecule 14,A14,CCCn1c(=O)n(c2c1cnc(n2)c1ccccc1)CC(=O)N(Cc1ccc(cc1F)F)CC,465.5,-0.853,-3.368,No,Yes,No,Discordant,Concordant unfavorable,2.87,73.02,-5.67,3.48,No,No,Yes,No,0,0,1.0600084742557212,-1.1327055378334712,0.49808620017193705,0.7071067811865444,-0.09316630131215281,-1.6439058867512906,-0.10076271171378533,0.0,0.0,0.0,1.0,0.0,0.0,1.0,2.0,-0.8007627117137853,Not selected for first-pass MD
A15,Molecule 15,A15,CCN(C(=O)Cn1c(=O)n(c2c1nc(nc2)c1ccccc1)C)Cc1cc(Cl)ccc1Cl,470.35,-0.787,-2.294,Yes,Yes,No,Discordant,Concordant favorable,2.62,73.02,-6.01,3.26,No,No,Yes,No,0,0,1.3151320697613522,1.1074441764782093,0.7991681569922865,0.7071067811865444,-1.1113408799378375,0.7147416898918609,0.588708665728736,0.0,0.0,0.0,1.0,0.0,0.0,0.0,1.0,0.23870866572873606,MD lead: strongest ADMET/developability consensus
A16,Molecule 16,A16,COc1ccc(c(c1)CN(C(=O)Cn1c2nc(ncc2n(c1=O)C(F)F)c1ccccc1)CC)F,485.46,-1.155,-3.546,No,Yes,No,Discordant,Concordant unfavorable,2.43,82.25,-5.72,3.44,No,No,Yes,No,0,0,-0.10737525063368282,-1.5039780230732096,0.16355069259377025,-1.4142135623730985,-0.2428978569924001,-1.215060872816172,-0.7199958122157989,0.0,0.0,0.0,1.0,0.0,0.0,1.0,2.0,-1.4199958122157987,Not selected for first-pass MD
A17,Molecule 17,A17,CCN(C(=O)Cn1c(=O)n(c2c1nc(nc2)c1ccccc1)C)Cc1cc(F)ccc1C(F)(F)F,487.45,-1.021,-2.45,No,Yes,No,Discordant,Concordant unfavorable,3.01,73.02,-5.83,3.35,No,No,Yes,No,0,0,0.41060295842320543,0.7820593017737191,0.029736489562505,0.7071067811865444,-0.5723072794889462,-0.250159591462158,0.18450644333247826,0.0,0.0,0.0,1.0,0.0,0.0,1.0,2.0,-0.5154935566675217,Backup ADMET alternate
AC-5216,Molecule 18,AC-5216,CCN(C(=O)Cn1c2nc(ncc2n(c1=O)C)c1ccccc1)Cc1ccccc1,401.46,-0.759,-2.56,Yes,Yes,No,Discordant,Concordant favorable,1.48,73.02,-4.82,3.14,Yes,No,Yes,No,0,0,1.423366322400105,0.5526212490974765,-3.0145366293988123,0.7071067811865444,2.452270145252059,2.0012767316972115,0.6870174333724307,2.0,0.0,0.0,1.0,0.0,0.0,0.0,3.0,-0.3629825666275691,MD reference scaffold
