Molecule,Canonical SMILES,Formula,MW,#Heavy atoms,#Aromatic heavy atoms,Fraction Csp3,#Rotatable bonds,#H-bond acceptors,#H-bond donors,MR,TPSA,iLOGP,XLOGP3,WLOGP,MLOGP,Silicos-IT Log P,Consensus Log P,ESOL Log S,ESOL Solubility (mg/ml),ESOL Solubility (mol/l),ESOL Class,Ali Log S,Ali Solubility (mg/ml),Ali Solubility (mol/l),Ali Class,Silicos-IT LogSw,Silicos-IT Solubility (mg/ml),Silicos-IT Solubility (mol/l),Silicos-IT class,GI absorption,BBB permeant,Pgp substrate,CYP1A2 inhibitor,CYP2C19 inhibitor,CYP2C9 inhibitor,CYP2D6 inhibitor,CYP3A4 inhibitor,log Kp (cm/s),Lipinski #violations,Ghose #violations,Veber #violations,Egan #violations,Muegge #violations,Bioavailability Score,PAINS #alerts,Brenk #alerts,Leadlikeness #violations,Synthetic Accessibility
Molecule 1,CCN(C(=O)Cn1c(=O)n(c2c1nc(nc2)c1ccccc1)C)Cc1ccc(cc1)OC(F)(F)F,C24H22F3N5O3,485.46,35,21,0.25,9,8,0,123.24,82.25,n/d,5.05,4.85,2.27,-2.26,2.48,-5.88,6.38e-04,1.31e-06,Moderately soluble,-6.52,1.47e-04,3.03e-07,Poorly soluble,-7.26,2.67e-05,5.51e-08,Poorly soluble,High,No,No,n/d,n/d,n/d,n/d,n/d,-5.68,0,1,0,0,1,0.55,0,0,3,3.31
Molecule 2,CCN(C(=O)Cn1c(=O)n(c2c1nc(nc2)c1ccccc1)C)Cc1ccc(cc1)OC(F)F,C24H23F2N5O3,467.47,34,21,0.25,9,7,0,123.15,82.25,n/d,4.79,4.14,2.16,-2.40,2.17,-5.62,1.12e-03,2.40e-06,Moderately soluble,-6.25,2.63e-04,5.64e-07,Poorly soluble,-7.00,4.69e-05,1.00e-07,Poorly soluble,High,No,No,n/d,n/d,n/d,n/d,n/d,-5.75,0,0,0,0,0,0.55,0,0,3,3.31
Molecule 3,CCN(C(=O)Cn1c2nc(ncc2n(c1=O)CC(F)(F)F)c1ccccc1)Cc1ccccc1,C24H22F3N5O2,469.46,34,21,0.25,9,7,0,121.56,73.02,n/d,4.91,4.98,2.79,-1.94,2.68,-5.71,9.22e-04,1.96e-06,Moderately soluble,-6.18,3.10e-04,6.61e-07,Poorly soluble,-7.55,1.31e-05,2.80e-08,Poorly soluble,High,No,No,n/d,n/d,n/d,n/d,n/d,-5.68,0,0,0,0,0,0.55,0,0,3,3.32
Molecule 4,CCN(C(=O)Cn1c(=O)n(c2c1nc(nc2)c1ccccc1)C)Cc1ccc(cc1)F,C23H22FN5O2,419.45,31,21,0.22,7,5,0,116.52,73.02,n/d,3.96,3.25,2.64,-2.48,1.84,-4.97,4.45e-03,1.06e-05,Moderately soluble,-5.19,2.68e-03,6.40e-06,Moderately soluble,-6.98,4.41e-05,1.05e-07,Poorly soluble,High,Yes,No,n/d,n/d,n/d,n/d,n/d,-6.05,0,0,0,0,0,0.55,0,0,2,3.16
Molecule 5,FCCn1c(=O)n(c2c1cnc(n2)c1ccccc1)CC(=O)N(Cc1ccc(cc1F)F)CC,C24H22F3N5O2,469.46,34,21,0.25,9,7,0,121.33,73.02,n/d,4.34,4.67,3.32,-1.35,2.74,-5.35,2.11e-03,4.49e-06,Moderately soluble,-5.59,1.21e-03,2.58e-06,Moderately soluble,-7.91,5.79e-06,1.23e-08,Poorly soluble,High,No,No,n/d,n/d,n/d,n/d,n/d,-6.08,0,0,0,0,0,0.55,0,0,3,3.42
Molecule 6,CCN(C(=O)Cn1c(=O)n(c2c1nc(nc2)c1ccccc1)C)Cc1cc(F)ccc1F,C23H21F2N5O2,437.44,32,21,0.22,7,6,0,116.47,73.02,n/d,4.07,3.81,3.01,-2.05,2.21,-5.14,3.17e-03,7.25e-06,Moderately soluble,-5.31,2.15e-03,4.92e-06,Moderately soluble,-7.24,2.52e-05,5.75e-08,Poorly soluble,High,Yes,No,n/d,n/d,n/d,n/d,n/d,-6.08,0,0,0,0,0,0.55,0,0,2,3.24
Molecule 7,CCN(C(=O)Cn1c(=O)n(c2c1nc(nc2)c1ccccc1)C(F)F)Cc1cc(F)ccc1F,C23H19F4N5O2,473.42,34,21,0.22,8,8,0,116.58,73.02,n/d,4.92,5.19,3.22,-1.62,2.93,-5.80,7.44e-04,1.57e-06,Moderately soluble,-6.19,3.06e-04,6.45e-07,Poorly soluble,-7.42,1.79e-05,3.78e-08,Poorly soluble,High,No,No,n/d,n/d,n/d,n/d,n/d,-5.69,0,0,0,0,0,0.55,0,0,3,3.34
Molecule 8,CCN(C(=O)Cn1c(=O)n(c2c1nc(nc2)c1ccccc1)C)Cc1cc(Cl)ccc1Cl,C23H21Cl2N5O2,470.35,32,21,0.22,7,4,0,126.58,73.02,n/d,5.12,4.00,3.22,-1.61,2.68,-6.01,4.65e-04,9.88e-07,Poorly soluble,-6.40,1.88e-04,4.00e-07,Poorly soluble,-7.88,6.20e-06,1.32e-08,Poorly soluble,High,Yes,No,n/d,n/d,n/d,n/d,n/d,-5.53,0,0,0,0,1,0.55,0,0,2,3.26
Molecule 9,CCN(C(=O)Cn1c(=O)n(c2c1nc(nc2)c1ccccc1)C)Cc1ccc(cc1)OC(F)(F)F,C24H22F3N5O3,485.46,35,21,0.25,9,8,0,123.24,82.25,n/d,5.05,4.85,2.27,-2.26,2.48,-5.88,6.38e-04,1.31e-06,Moderately soluble,-6.52,1.47e-04,3.03e-07,Poorly soluble,-7.26,2.67e-05,5.51e-08,Poorly soluble,High,No,No,n/d,n/d,n/d,n/d,n/d,-5.68,0,1,0,0,1,0.55,0,0,3,3.31
Molecule 10,CCN(C(=O)Cn1c(=O)n(c2c1nc(nc2)c1ccccc1)CC(F)(F)F)Cc1ccc(cc1)OC,C25H24F3N5O3,499.48,36,21,0.28,10,8,0,128.05,82.25,n/d,4.88,4.99,2.47,-1.85,2.62,-5.78,8.23e-04,1.65e-06,Moderately soluble,-6.34,2.27e-04,4.55e-07,Poorly soluble,-7.65,1.12e-05,2.25e-08,Poorly soluble,High,No,No,n/d,n/d,n/d,n/d,n/d,-5.88,0,1,0,0,0,0.55,0,0,3,3.43
Molecule 11,CCN(C(=O)Cn1c2nc(ncc2n(c1=O)COC(F)(F)F)c1ccccc1)Cc1ccccc1,C24H22F3N5O3,485.46,35,21,0.25,10,8,0,122.64,82.25,n/d,4.96,4.76,2.00,-2.39,2.33,-5.76,8.46e-04,1.74e-06,Moderately soluble,-6.43,1.82e-04,3.75e-07,Poorly soluble,-7.28,2.57e-05,5.30e-08,Poorly soluble,High,No,No,n/d,n/d,n/d,n/d,n/d,-5.74,0,1,0,0,0,0.55,0,0,3,3.46
Molecule 12,CCN(C(=O)Cn1c2nc(ncc2n(c1=O)CC(F)(F)F)c1ccccc1)Cc1cccc(c1)F,C24H21F4N5O2,487.45,35,21,0.25,9,8,0,121.51,73.02,n/d,5.01,5.54,3.16,-1.51,3.05,-5.87,6.60e-04,1.35e-06,Moderately soluble,-6.28,2.54e-04,5.21e-07,Poorly soluble,-7.81,7.50e-06,1.54e-08,Poorly soluble,High,No,No,n/d,n/d,n/d,n/d,n/d,-5.72,0,1,0,0,1,0.55,0,0,3,3.36
Molecule 13,CCN(C(=O)Cn1c2nc(ncc2n(c1=O)CF)c1ccccc1)Cc1cccc(c1)Cl,C23H21ClFN5O2,453.90,32,21,0.22,8,5,0,121.62,73.02,n/d,4.87,4.01,2.85,-1.96,2.44,-5.68,9.49e-04,2.09e-06,Moderately soluble,-6.14,3.30e-04,7.27e-07,Poorly soluble,-7.58,1.20e-05,2.64e-08,Poorly soluble,High,Yes,No,n/d,n/d,n/d,n/d,n/d,-5.61,0,0,0,0,0,0.55,0,0,3,3.29
Molecule 14,CCCn1c(=O)n(c2c1cnc(n2)c1ccccc1)CC(=O)N(Cc1ccc(cc1F)F)CC,C25H25F2N5O2,465.50,34,21,0.28,9,6,0,126.09,73.02,n/d,4.89,4.69,3.16,-1.25,2.87,-5.67,9.96e-04,2.14e-06,Moderately soluble,-6.16,3.23e-04,6.93e-07,Poorly soluble,-8.02,4.44e-06,9.53e-09,Poorly soluble,High,No,No,n/d,n/d,n/d,n/d,n/d,-5.67,0,0,0,0,0,0.55,0,0,3,3.48
Molecule 15,CCN(C(=O)Cn1c(=O)n(c2c1nc(nc2)c1ccccc1)C)Cc1cc(Cl)ccc1Cl,C23H21Cl2N5O2,470.35,32,21,0.22,7,4,0,126.58,73.02,n/d,5.12,4.00,2.95,-1.61,2.62,-6.01,4.65e-04,9.88e-07,Poorly soluble,-6.40,1.88e-04,4.00e-07,Poorly soluble,-7.88,6.20e-06,1.32e-08,Poorly soluble,High,Yes,No,n/d,n/d,n/d,n/d,n/d,-5.53,0,0,0,0,1,0.55,0,0,2,3.26
Molecule 16,COc1ccc(c(c1)CN(C(=O)Cn1c2nc(ncc2n(c1=O)C(F)F)c1ccccc1)CC)F,C24H22F3N5O3,485.46,35,21,0.25,9,8,0,123.11,82.25,n/d,4.79,4.64,2.27,-1.97,2.43,-5.72,9.30e-04,1.92e-06,Moderately soluble,-6.25,2.74e-04,5.64e-07,Poorly soluble,-7.26,2.67e-05,5.51e-08,Poorly soluble,High,No,No,n/d,n/d,n/d,n/d,n/d,-5.86,0,1,0,0,0,0.55,0,0,3,3.44
Molecule 17,CCN(C(=O)Cn1c(=O)n(c2c1nc(nc2)c1ccccc1)C)Cc1cc(F)ccc1C(F)(F)F,C24H21F4N5O2,487.45,35,21,0.25,8,8,0,121.52,73.02,n/d,4.85,5.42,3.16,-1.37,3.01,-5.83,7.15e-04,1.47e-06,Moderately soluble,-6.12,3.72e-04,7.63e-07,Poorly soluble,-7.79,7.82e-06,1.60e-08,Poorly soluble,High,No,No,n/d,n/d,n/d,n/d,n/d,-5.83,0,1,0,0,0,0.55,0,0,3,3.35
Molecule 18,CCN(C(=O)Cn1c2nc(ncc2n(c1=O)C)c1ccccc1)Cc1ccccc1,C23H23N5O2,401.46,30,21,0.22,7,4,0,116.56,73.02,n/d,3.86,2.69,2.26,-2.90,1.48,-4.82,6.12e-03,1.52e-05,Moderately soluble,-5.09,3.26e-03,8.13e-06,Moderately soluble,-6.71,7.74e-05,1.93e-07,Poorly soluble,High,Yes,No,n/d,n/d,n/d,n/d,n/d,-6.01,0,0,0,0,0,0.55,0,0,2,3.14
