Time [h],PeripheralVenousBlood-Analog7-Plasma (Peripheral Venous Blood) [µmol/l],ArterialBlood-Plasma-Analog7-Concentration in container [µmol/l],Brain-Analog7-Tissue [µmol/l],Liver-Analog7-Tissue (Liver) [µmol/l],Brain-Intracellular-Analog7-Concentration in container [µmol/l],Brain-Interstitial-Analog7-Concentration in container [µmol/l],Brain-BloodCells-Analog7-Concentration in container [µmol/l],Brain-Plasma-Analog7-Concentration in container [µmol/l],PeripheralVenousBlood-Analog7-Whole Blood (Peripheral Venous Blood) [µmol/l],ArterialBlood-Analog7-Whole Blood [µmol/l]
0,0,0,0,0,0,0,0,0,0,0
0.001666667,0.0001000211,0.007282225,0.0000003775393,0.00002443863,0.0000000008799979,0.00009049328,0.0005665046,0.002879276,0.00008849543,0.004534953
0.003333333,0.0004021807,0.01130061,0.000002469197,0.0001177919,0.0000000134923,0.0005899965,0.002494721,0.007975758,0.0004096988,0.007639206
0.005,0.000749494,0.01068047,0.000005449189,0.0002405051,0.00000005224429,0.001296668,0.003755315,0.01002228,0.0007688427,0.007525025
0.006666667,0.001047831,0.008624204,0.000007922979,0.0003595157,0.0000001182344,0.001875208,0.003845192,0.009443531,0.001030933,0.006214431
0.008333334,0.001273943,0.006670858,0.000009349571,0.0004643581,0.0000002028439,0.002197704,0.003343325,0.007870035,0.001186653,0.004872092
0.01,0.001435272,0.005209337,0.000009828168,0.000555338,0.0000002957597,0.002290457,0.002732417,0.006286658,0.001268888,0.003835652
0.01166667,0.001546686,0.004196129,0.000009668148,0.0006356382,0.0000003890628,0.002229689,0.002210471,0.005027357,0.001308454,0.00310251
0.01333333,0.001621684,0.003499407,0.000009157166,0.000708273,0.0000004779482,0.00208566,0.001814572,0.00410924,0.001324865,0.002590858
0.015,0.001670446,0.003008866,0.000008494874,0.0007753999,0.0000005600722,0.001906896,0.001525176,0.003454339,0.001328702,0.00222691
0.01666667,0.001700206,0.002651558,0.000007800346,0.0008384212,0.0000006346538,0.001722192,0.001313721,0.002982374,0.001325367,0.001960266
0.01833333,0.001716078,0.002382357,0.00000713704,0.0008982258,0.0000007017983,0.001546768,0.001156698,0.002633796,0.001317614,0.001758937
0.02,0.001721705,0.002173294,0.000006534743,0.0009553776,0.0000007620474,0.001387652,0.001037456,0.002368892,0.001306916,0.001602646
0.02166667,0.00171969,0.002006797,0.000006003505,0.001010231,0.0000008161311,0.001247083,0.0009448311,0.002162227,0.001294103,0.001478404
0.02333333,0.001711925,0.001871302,0.000005543101,0.001063013,0.0000008648192,0.001124822,0.0008713365,0.001997265,0.001279698,0.001377542
0.025,0.00169982,0.001758694,0.000005148785,0.001113871,0.0000009088379,0.001019556,0.0008117654,0.001862649,0.001264076,0.001293949
0.02666667,0.001684426,0.001663342,0.000004813522,0.001162901,0.0000009488472,0.0009294371,0.000762489,0.001750559,0.001247515,0.001223358
0.02833333,0.001666529,0.0015813,0.000004529539,0.001210165,0.0000009854286,0.0008524578,0.0007209767,0.00165558,0.001230227,0.001162769
0.03,0.001646731,0.001509709,0.000004289357,0.001255705,0.000001019083,0.0007867026,0.0006854214,0.001573836,0.001212387,0.001110008
0.03166667,0.0016255,0.001446479,0.000004086175,0.001299551,0.000001050234,0.000730435,0.000654517,0.001502513,0.001194141,0.001063489
0.03333334,0.001603198,0.001390064,0.000003914007,0.001341728,0.000001079241,0.0006821319,0.0006273093,0.001439545,0.001175613,0.00102204
0.035,0.001580115,0.001339307,0.000003767721,0.001382258,0.000001106404,0.0006404879,0.000603096,0.001383399,0.001156907,0.0009847855
0.03666667,0.00155648,0.001293339,0.00000364299,0.001421161,0.000001131972,0.000604404,0.0005813612,0.001332938,0.001138116,0.0009510709
0.03833333,0.00153248,0.001251483,0.000003536217,0.001458459,0.000001156154,0.0005729663,0.0005617107,0.001287286,0.001119315,0.0009203873
0.04,0.001508268,0.001213191,0.000003444431,0.001494178,0.000001179126,0.0005454188,0.0005438323,0.001245744,0.001100573,0.0008923245
0.04166667,0.001483975,0.00117802,0.000003365179,0.001528342,0.000001201033,0.0005211369,0.000527479,0.001207755,0.001081948,0.0008665519
0.04333333,0.001459704,0.001145614,0.000003296441,0.001560981,0.000001222001,0.0004996061,0.000512459,0.001172881,0.001063489,0.0008428062
0.045,0.001435544,0.001115685,0.000003236571,0.001592125,0.000001242133,0.0004804057,0.000498619,0.001140769,0.001045237,0.0008208721
0.04666667,0.001411566,0.001087985,0.000003184221,0.001621805,0.000001261518,0.000463191,0.0004858326,0.001111127,0.001027229,0.0008005686
0.04833334,0.001387833,0.001062305,0.000003138298,0.001650054,0.00000128023,0.0004476812,0.0004739935,0.001083705,0.001009495,0.0007817404
0.05,0.001364394,0.001038457,0.000003097883,0.001676909,0.000001298334,0.0004336398,0.0004630087,0.001058288,0.0009920591,0.0007642506
0.05166667,0.001341295,0.001016278,0.000003062229,0.001702405,0.000001315889,0.000420874,0.0004527984,0.001034688,0.0009749429,0.0007479796
0.05333333,0.001318569,0.0009956234,0.000003030714,0.00172658,0.000001332941,0.0004092229,0.000443293,0.00101274,0.0009581631,0.0007328218
0.055,0.001296247,0.0009763638,0.000003002812,0.00174947,0.000001349536,0.0003985492,0.0004344299,0.0009922982,0.0009417333,0.000718682
0.05666667,0.001274352,0.0009583861,0.000002978097,0.001771115,0.00000136571,0.0003887416,0.0004261568,0.0009732383,0.000925664,0.000705478
0.05833333,0.001252904,0.0009415873,0.000002956201,0.001791553,0.000001381498,0.000379704,0.0004184254,0.0009554463,0.0009099632,0.000693135
0.06,0.001231915,0.0009258749,0.000002936817,0.001810821,0.000001396928,0.0003713553,0.0004111931,0.0009388207,0.0008946362,0.0006815856
0.06166667,0.001211399,0.0009111639,0.000002919683,0.001828959,0.000001412028,0.0003636262,0.0004044207,0.0009232691,0.0008796866,0.0006707678
0.06333333,0.001191362,0.000897376,0.000002904568,0.001846004,0.000001426822,0.0003564553,0.0003980721,0.000908706,0.0008651162,0.0006606247
0.06500001,0.00117181,0.0008844397,0.000002891273,0.001861994,0.000001441331,0.0003497898,0.0003921142,0.0008950538,0.000850925,0.0006511041
0.06666667,0.001152747,0.0008722898,0.000002879625,0.001876966,0.000001455576,0.0003435833,0.0003865173,0.000882242,0.0008371118,0.0006421586
0.06833334,0.001134172,0.0008608662,0.000002869469,0.001890958,0.000001469574,0.0003377943,0.0003812539,0.0008702059,0.0008236744,0.0006337445
0.07,0.001116086,0.0008501144,0.000002860672,0.001904004,0.000001483343,0.0003323866,0.0003762991,0.000858887,0.0008106091,0.0006258221
0.07166667,0.001098484,0.000839984,0.000002853115,0.00191614,0.000001496896,0.0003273283,0.00037163,0.000848231,0.0007979117,0.0006183547
0.07333334,0.001081364,0.0008304291,0.00000284669,0.0019274,0.000001510248,0.0003225903,0.0003672256,0.0008381886,0.0007855771,0.0006113088
0.075,0.00106472,0.000821407,0.000002841301,0.001937819,0.000001523412,0.0003181464,0.0003630666,0.0008287146,0.0007735995,0.0006046534
0.07666667,0.001048546,0.0008128783,0.000002836866,0.001947429,0.000001536398,0.0003139739,0.000359135,0.0008197662,0.0007619727,0.0005983597
0.07833333,0.001032835,0.0008048065,0.000002833296,0.001956261,0.000001549217,0.0003100491,0.0003554142,0.000811305,0.0007506901,0.0005924013
0.08000001,0.001017578,0.0007971585,0.00000283053,0.001964348,0.00000156188,0.000306355,0.0003518889,0.0008032953,0.0007397445,0.0005867538
0.08166667,0.001002768,0.0007899029,0.000002828495,0.001971719,0.000001574395,0.000302872,0.0003485451,0.0007957035,0.0007291286,0.0005813944
0.08333334,0.0009883961,0.000783011,0.000002827132,0.001978403,0.000001586772,0.0002995834,0.0003453694,0.0007884991,0.0007188349,0.0005763021
0.085,0.0009744527,0.0007764566,0.000002826391,0.001984429,0.000001599016,0.0002964756,0.00034235,0.0007816541,0.0007088555,0.0005714578
0.08666667,0.0009609283,0.0007702148,0.000002826217,0.001989824,0.000001611137,0.0002935342,0.0003394754,0.0007751418,0.0006991826,0.0005668434
0.08833334,0.0009478127,0.0007642635,0.000002826571,0.001994615,0.00000162314,0.0002907474,0.0003367356,0.0007689389,0.000689808,0.0005624427
0.09,0.0009350961,0.0007585817,0.000002827409,0.001998827,0.000001635031,0.0002881038,0.0003341208,0.0007630227,0.0006807238,0.0005582403
0.09166667,0.0009227681,0.0007531503,0.000002828694,0.002002485,0.000001646817,0.0002855929,0.0003316224,0.0007573729,0.0006719219,0.0005542223
0.09333333,0.0009108184,0.0007479515,0.000002830392,0.002005614,0.000001658502,0.0002832051,0.0003292323,0.0007519707,0.0006633941,0.0005503756
0.095,0.0008992366,0.0007429689,0.000002832469,0.002008235,0.000001670091,0.0002809316,0.0003269428,0.0007467986,0.0006551325,0.0005466882
0.09666667,0.0008880123,0.0007381875,0.000002834899,0.002010372,0.000001681588,0.0002787646,0.0003247471,0.0007418406,0.000647129,0.0005431492
0.09833334,0.0008771351,0.0007335932,0.000002837652,0.002012046,0.000001692998,0.0002766961,0.0003226387,0.0007370816,0.0006393758,0.0005397483
0.1,0.0008665952,0.0007291728,0.000002840701,0.002013277,0.000001704325,0.0002747187,0.0003206116,0.0007325076,0.0006318652,0.0005364756
0.1016667,0.0008563825,0.0007249138,0.000002844021,0.002014086,0.000001715573,0.0002728252,0.00031866,0.0007281053,0.0006245899,0.0005333222
0.1033333,0.000846486,0.0007208065,0.000002847599,0.002014491,0.000001726743,0.0002710123,0.0003167794,0.0007238643,0.0006175414,0.0005302808
0.105,0.0008368966,0.0007168394,0.000002851408,0.002014511,0.000001737841,0.0002692725,0.0003149645,0.0007197725,0.000610713,0.0005273432
0.1066667,0.0008276051,0.0007130025,0.000002855428,0.002014163,0.000001748868,0.0002675997,0.0003132107,0.0007158191,0.0006040978,0.0005245018
0.1083333,0.0008186023,0.0007092861,0.000002859635,0.002013465,0.000001759828,0.0002659884,0.0003115136,0.0007119938,0.0005976891,0.0005217496
0.11,0.0008098773,0.0007056846,0.00000286403,0.002012432,0.000001770723,0.0002644378,0.0003098705,0.0007082907,0.0005914785,0.0005190825
0.1116667,0.0008014219,0.0007021885,0.000002868589,0.002011081,0.000001781555,0.0002629414,0.000308277,0.0007046996,0.0005854605,0.0005164935
0.1133333,0.0007932278,0.0006987903,0.000002873296,0.002009426,0.000001792327,0.0002614951,0.0003067296,0.0007012124,0.0005796283,0.000513977
0.115,0.0007852863,0.0006954827,0.000002878136,0.002007481,0.000001803041,0.0002600947,0.000305225,0.0006978216,0.0005739761,0.0005115277
0.1166667,0.0007775878,0.000692262,0.000002883107,0.002005261,0.000001813697,0.0002587393,0.0003037614,0.0006945229,0.0005684965,0.0005091429
0.1183333,0.0007701245,0.000689121,0.000002888193,0.00200278,0.000001824299,0.0002574248,0.0003023355,0.000691309,0.0005631842,0.0005068173
0.12,0.0007628887,0.0006860545,0.000002893385,0.002000049,0.000001834848,0.0002561484,0.0003009449,0.0006881742,0.0005580332,0.000504547
0.1216667,0.0007558724,0.0006830574,0.000002898674,0.001997081,0.000001845345,0.0002549075,0.000299587,0.0006851128,0.000553038,0.0005023283
0.1233333,0.0007490675,0.000680126,0.000002904052,0.001993888,0.000001855792,0.0002537001,0.0002982604,0.0006821214,0.0005481925,0.0005001585
0.125,0.0007424668,0.000677256,0.000002909511,0.001990481,0.00000186619,0.000252524,0.0002969628,0.0006791949,0.0005434917,0.0004980344
0.1266667,0.0007360631,0.0006744434,0.000002915044,0.001986871,0.00000187654,0.0002513771,0.0002956925,0.0006763294,0.0005389303,0.0004959529
0.1283333,0.0007298492,0.0006716846,0.000002920646,0.001983069,0.000001886844,0.0002502578,0.0002944478,0.0006735208,0.0005345032,0.0004939116
0.13,0.0007238184,0.0006689766,0.000002926309,0.001979084,0.000001897102,0.0002491641,0.0002932272,0.0006707661,0.0005302054,0.0004919081
0.1316667,0.000717964,0.0006663163,0.000002932028,0.001974925,0.000001907316,0.0002480945,0.0002920293,0.0006680618,0.0005260324,0.0004899402
0.1333333,0.0007122798,0.0006637007,0.000002937797,0.001970602,0.000001917486,0.0002470473,0.0002908526,0.0006654049,0.0005219795,0.0004880056
0.135,0.0007067595,0.0006611273,0.000002943611,0.001966125,0.000001927613,0.0002460211,0.0002896961,0.0006627925,0.0005180422,0.0004861024
0.1366667,0.000701397,0.0006585937,0.000002949466,0.0019615,0.000001937698,0.0002450148,0.0002885585,0.0006602223,0.0005142164,0.000484229
0.1383333,0.0006961868,0.0006560976,0.000002955357,0.001956736,0.000001947743,0.0002440271,0.0002874388,0.0006576917,0.0005104979,0.0004823836
0.14,0.0006911233,0.0006536367,0.00000296128,0.001951841,0.000001957747,0.0002430566,0.0002863359,0.0006551982,0.0005068828,0.0004805645
0.1416667,0.0006862013,0.0006512089,0.000002967231,0.001946823,0.000001967712,0.0002421021,0.0002852487,0.0006527397,0.0005033673,0.0004787701
0.1433333,0.0006814152,0.0006488127,0.000002973207,0.001941687,0.000001977637,0.0002411632,0.0002841768,0.0006503146,0.0004999476,0.0004769995
0.145,0.0006767603,0.0006464464,0.000002979205,0.001936442,0.000001987524,0.0002402387,0.000283119,0.0006479208,0.0004966202,0.0004752511
0.1466667,0.0006722317,0.0006441082,0.000002985221,0.001931092,0.000001997374,0.0002393277,0.0002820746,0.0006455567,0.0004933817,0.0004735237
0.1483333,0.0006678248,0.0006417964,0.000002991254,0.001925646,0.000002007186,0.0002384295,0.0002810429,0.0006432203,0.0004902289,0.0004718162
0.15,0.0006635351,0.0006395101,0.0000029973,0.001920108,0.000002016962,0.0002375434,0.0002800233,0.0006409108,0.0004871584,0.0004701277
0.1516667,0.0006593582,0.0006372479,0.000003003359,0.001914484,0.000002026701,0.0002366687,0.0002790153,0.0006386265,0.0004841672,0.0004684574
0.1533333,0.0006552898,0.0006350086,0.000003009427,0.00190878,0.000002036405,0.0002358049,0.0002780181,0.0006363662,0.0004812524,0.0004668041
0.155,0.0006513261,0.0006327911,0.000003015503,0.001903001,0.000002046073,0.0002349515,0.0002770314,0.0006341288,0.000478411,0.0004651672
0.1566667,0.0006474631,0.0006305945,0.000003021584,0.001897152,0.000002055707,0.0002341078,0.0002760546,0.0006319132,0.0004756404,0.000463546
0.1583333,0.000643697,0.0006284179,0.00000302767,0.001891238,0.000002065305,0.0002332735,0.0002750874,0.0006297185,0.000472938,0.0004619398
0.16,0.0006400242,0.0006262604,0.000003033759,0.001885263,0.00000207487,0.000232448,0.0002741292,0.0006275438,0.000470301,0.0004603479
0.1616667,0.0006364412,0.0006241213,0.00000303985,0.001879231,0.000002084401,0.0002316309,0.0002731798,0.0006253882,0.0004677272,0.0004587698
0.1633333,0.0006329448,0.0006219998,0.00000304594,0.001873148,0.000002093899,0.0002308219,0.0002722388,0.000623251,0.0004652141,0.0004572049
0.165,0.0006295317,0.0006198952,0.00000305203,0.001867016,0.000002103363,0.0002300206,0.0002713058,0.0006211315,0.0004627595,0.0004556527
0.1666667,0.0006261987,0.000617807,0.000003058117,0.00186084,0.000002112794,0.0002292266,0.0002703806,0.0006190289,0.0004603612,0.0004541128
0.1683333,0.000622943,0.0006157345,0.000003064201,0.001854623,0.000002122193,0.0002284396,0.0002694628,0.0006169426,0.0004580171,0.0004525846
0.17,0.0006197616,0.0006136774,0.000003070282,0.001848369,0.00000213156,0.0002276594,0.0002685522,0.0006148723,0.0004557252,0.000451068
0.1716667,0.0006166518,0.000611635,0.000003076357,0.001842082,0.000002140895,0.0002268858,0.0002676487,0.0006128173,0.0004534836,0.0004495625
0.1733333,0.000613611,0.000609607,0.000003082428,0.001835763,0.000002150198,0.0002261185,0.0002667519,0.0006107771,0.0004512904,0.0004480676
0.175,0.0006106366,0.0006075927,0.000003088491,0.001829418,0.000002159469,0.0002253571,0.0002658617,0.0006087511,0.0004491438,0.0004465832
0.1766667,0.0006077262,0.0006055918,0.000003094548,0.001823047,0.000002168709,0.0002246014,0.0002649777,0.000606739,0.0004470422,0.0004451088
0.1783333,0.0006048775,0.0006036038,0.000003100596,0.001816655,0.000002177918,0.0002238512,0.0002640997,0.0006047401,0.0004449839,0.000443644
0.18,0.0006020881,0.0006016285,0.000003106636,0.001810244,0.000002187097,0.0002231063,0.0002632278,0.0006027542,0.0004429672,0.0004421887
0.1816667,0.000599356,0.0005996661,0.000003112668,0.001803816,0.000002196245,0.000222367,0.0002623618,0.0006007816,0.0004409908,0.0004407431
0.1833333,0.000596679,0.0005977157,0.000003118692,0.001797373,0.000002205362,0.0002216329,0.0002615016,0.0005988215,0.0004390531,0.0004393065
0.185,0.0005940551,0.0005957772,0.000003124706,0.001790919,0.000002214449,0.0002209036,0.0002606468,0.0005968734,0.0004371527,0.0004378788
0.1866667,0.0005914824,0.00059385,0.000003130709,0.001784456,0.000002223506,0.000220179,0.0002597973,0.000594937,0.0004352882,0.0004364596
0.1883333,0.0005889591,0.0005919339,0.000003136702,0.001777985,0.000002232534,0.0002194587,0.000258953,0.0005930118,0.0004334585,0.0004350487
0.19,0.0005864834,0.0005900285,0.000003142682,0.00177151,0.000002241533,0.0002187427,0.0002581136,0.0005910976,0.0004316621,0.0004336457
0.1916667,0.0005840536,0.0005881346,0.000003148654,0.00176503,0.000002250501,0.0002180316,0.0002572796,0.0005891952,0.0004298981,0.0004322514
0.1933333,0.0005816681,0.0005862515,0.000003154614,0.001758549,0.000002259441,0.0002173249,0.0002564505,0.0005873038,0.0004281652,0.0004308651
0.195,0.0005793252,0.0005843788,0.000003160563,0.001752068,0.000002268351,0.0002166223,0.0002556263,0.000585423,0.0004264623,0.0004294867
0.1966667,0.0005770235,0.0005825163,0.000003166501,0.001745589,0.000002277233,0.0002159238,0.0002548068,0.0005835526,0.0004247883,0.0004281158
0.1983333,0.0005747615,0.0005806639,0.000003172426,0.001739113,0.000002286086,0.0002152292,0.0002539919,0.0005816923,0.0004231422,0.0004267524
0.2,0.0005725377,0.0005788211,0.000003178338,0.001732643,0.000002294911,0.0002145383,0.0002531815,0.000579842,0.0004215231,0.0004253964
0.2016667,0.0005703509,0.0005769884,0.000003184239,0.00172618,0.000002303707,0.0002138515,0.0002523757,0.0005780018,0.00041993,0.0004240478
0.2033333,0.0005681998,0.0005751657,0.000003190128,0.001719724,0.000002312475,0.0002131686,0.0002515744,0.0005761718,0.0004183621,0.0004227066
0.205,0.0005660832,0.0005733527,0.000003196005,0.001713278,0.000002321215,0.0002124894,0.0002507776,0.0005743515,0.0004168185,0.0004213726
0.2066667,0.0005639999,0.0005715492,0.00000320187,0.001706842,0.000002329928,0.000211814,0.0002499851,0.000572541,0.0004152983,0.0004200458
0.2083333,0.0005619486,0.0005697551,0.000003207722,0.001700418,0.000002338612,0.0002111423,0.0002491969,0.00057074,0.0004138007,0.000418726
0.21,0.0005599284,0.0005679704,0.000003213562,0.001694007,0.000002347269,0.0002104741,0.000248413,0.0005689484,0.000412325,0.0004174131
0.2116667,0.000557938,0.0005661949,0.00000321939,0.00168761,0.000002355899,0.0002098095,0.0002476333,0.0005671663,0.0004108704,0.0004161072
0.2133333,0.0005559768,0.0005644289,0.000003225205,0.001681228,0.000002364501,0.0002091486,0.0002468579,0.0005653935,0.0004094364,0.0004148082
0.215,0.0005540436,0.000562672,0.000003231008,0.001674861,0.000002373077,0.0002084911,0.0002460866,0.0005636301,0.0004080221,0.0004135161
0.2166667,0.0005521375,0.0005609242,0.000003236799,0.001668512,0.000002381625,0.0002078372,0.0002453195,0.0005618758,0.000406627,0.0004122307
0.2183333,0.0005502576,0.0005591855,0.000003242577,0.001662181,0.000002390146,0.0002071867,0.0002445564,0.0005601308,0.0004052505,0.0004109521
0.22,0.000548403,0.0005574559,0.000003248344,0.001655868,0.000002398641,0.0002065397,0.0002437975,0.0005583949,0.0004038919,0.0004096802
0.2216667,0.0005465729,0.0005557353,0.000003254098,0.001649575,0.000002407109,0.0002058961,0.0002430426,0.000556668,0.0004025506,0.000408415
0.2233333,0.0005447667,0.0005540235,0.00000325984,0.001643302,0.000002415551,0.000205256,0.0002422917,0.0005549502,0.0004012262,0.0004071564
0.225,0.0005429835,0.0005523207,0.00000326557,0.001637049,0.000002423966,0.0002046192,0.0002415448,0.0005532412,0.0003999181,0.0004059043
0.2266667,0.0005412226,0.0005506267,0.000003271287,0.001630818,0.000002432356,0.0002039857,0.0002408018,0.0005515413,0.0003986259,0.0004046589
0.2283333,0.0005394834,0.0005489415,0.000003276993,0.00162461,0.000002440719,0.0002033556,0.0002400629,0.0005498501,0.0003973491,0.00040342
0.23,0.0005377652,0.000547265,0.000003282687,0.001618424,0.000002449056,0.0002027287,0.0002393278,0.0005481677,0.0003960871,0.0004021875
0.2316667,0.0005360672,0.0005455972,0.000003288368,0.001612262,0.000002457368,0.0002021052,0.0002385966,0.0005464941,0.0003948396,0.0004009614
0.2333333,0.000534389,0.0005439381,0.000003294038,0.001606123,0.000002465654,0.0002014849,0.0002378693,0.0005448293,0.0003936061,0.0003997419
0.235,0.0005327301,0.0005422878,0.000003299696,0.001600008,0.000002473915,0.0002008679,0.000237146,0.0005431732,0.0003923863,0.0003985288
0.2366667,0.0005310898,0.0005406461,0.000003305343,0.001593918,0.00000248215,0.0002002543,0.0002364265,0.0005415259,0.0003911798,0.0003973221
0.2383333,0.0005294677,0.000539013,0.000003310977,0.001587854,0.00000249036,0.0001996438,0.0002357108,0.0005398872,0.0003899862,0.0003961217
0.24,0.000527863,0.0005373883,0.000003316601,0.001581815,0.000002498545,0.0001990365,0.0002349989,0.000538257,0.0003888052,0.0003949276
0.2416667,0.0005262755,0.0005357722,0.000003322212,0.001575802,0.000002506705,0.0001984324,0.0002342908,0.0005366353,0.0003876363,0.0003937398
0.2433333,0.0005247045,0.0005341644,0.000003327812,0.001569815,0.00000251484,0.0001978314,0.0002335864,0.0005350221,0.0003864793,0.0003925582
0.245,0.0005231497,0.0005325649,0.0000033334,0.001563856,0.00000252295,0.0001972335,0.0002328858,0.0005334172,0.0003853337,0.0003913827
0.2466667,0.0005216104,0.0005309737,0.000003338976,0.001557924,0.000002531036,0.0001966386,0.0002321887,0.0005318205,0.0003841993,0.0003902133
0.2483333,0.0005200863,0.0005293905,0.00000334454,0.001552019,0.000002539098,0.0001960466,0.0002314953,0.000530232,0.0003830757,0.0003890499
0.25,0.0005185774,0.0005278161,0.000003350094,0.001546141,0.000002547135,0.0001954581,0.0002308058,0.0005286523,0.0003819631,0.000387893
0.2583333,0.0005112443,0.000520068,0.000003377698,0.001517174,0.00000258696,0.0001925618,0.0002274131,0.0005208783,0.0003765515,0.0003821999
0.2666667,0.0005042293,0.0005125199,0.000003405024,0.001488931,0.000002626198,0.0001897392,0.0002241088,0.0005133047,0.0003713687,0.0003766542
0.275,0.0004975002,0.0005051703,0.000003432087,0.001461423,0.000002664862,0.0001869908,0.0002208923,0.0005059306,0.0003663923,0.000371255
0.2833333,0.0004910236,0.0004980129,0.000003458891,0.001434663,0.000002702968,0.0001843135,0.0002177604,0.0004987491,0.0003615989,0.0003659975
0.2916667,0.0004847784,0.0004910455,0.000003485448,0.001408648,0.000002740531,0.000181707,0.0002147122,0.0004917582,0.000356974,0.0003608798
0.3,0.0004787427,0.000484264,0.000003511767,0.001383373,0.000002777564,0.0001791698,0.0002117456,0.0004849539,0.000352502,0.0003558989
0.3083333,0.000472902,0.0004776644,0.000003537856,0.001358829,0.000002814083,0.0001767005,0.0002088591,0.0004783321,0.0003481728,0.0003510519
0.3166667,0.0004672422,0.0004712431,0.000003563723,0.001335004,0.0000028501,0.000174298,0.0002060507,0.0004718893,0.0003439767,0.0003463361
0.325,0.0004617525,0.0004649953,0.000003589374,0.001311883,0.000002885629,0.0001719603,0.0002033185,0.0004656207,0.0003399057,0.0003417478
0.3333333,0.0004564229,0.0004589164,0.000003614815,0.001289449,0.000002920683,0.0001696858,0.0002006603,0.0004595214,0.0003359528,0.0003372836
0.3416667,0.0004512447,0.0004530015,0.000003640052,0.001267687,0.000002955276,0.0001674728,0.000198074,0.0004535869,0.0003321119,0.00033294
0.35,0.00044621,0.0004472457,0.000003665089,0.001246577,0.000002989419,0.0001653192,0.0001955574,0.0004478121,0.0003283771,0.0003287133
0.3583333,0.000441312,0.0004416446,0.000003689932,0.001226102,0.000003023124,0.0001632237,0.0001931085,0.0004421925,0.0003247437,0.0003246002
0.3666667,0.0004365441,0.0004361936,0.000003714585,0.001206244,0.000003056405,0.0001611843,0.0001907253,0.0004367235,0.0003212068,0.0003205973
0.375,0.0004319012,0.0004308883,0.000003739054,0.001186982,0.000003089271,0.0001591997,0.0001884059,0.0004314008,0.0003177627,0.0003167015
0.3833333,0.000427378,0.0004257244,0.000003763342,0.001168299,0.000003121733,0.0001572681,0.0001861483,0.0004262202,0.0003144076,0.0003129095
0.3916667,0.0004229702,0.0004206976,0.000003787453,0.001150174,0.000003153804,0.0001553881,0.0001839508,0.0004211772,0.0003111384,0.0003092182
0.4,0.0004186731,0.0004158036,0.000003811392,0.001132589,0.000003185493,0.0001535579,0.0001818113,0.0004162675,0.0003079515,0.0003056245
0.4083333,0.0004144829,0.0004110381,0.000003835162,0.001115528,0.00000321681,0.000151776,0.0001797281,0.0004114868,0.0003048442,0.0003021251
0.4166667,0.0004103964,0.0004063971,0.000003858765,0.00109897,0.000003247764,0.0001500409,0.0001776992,0.0004068311,0.000301814,0.000298717
0.425,0.0004064095,0.0004018765,0.000003882207,0.001082899,0.000003278366,0.000148351,0.0001757231,0.0004022964,0.000298858,0.0002953974
0.4333333,0.0004025186,0.0003974726,0.000003905488,0.001067299,0.000003308625,0.000146705,0.0001737979,0.0003978787,0.0002959735,0.0002921634
0.4416667,0.0003987213,0.0003931813,0.000003928613,0.001052151,0.00000333855,0.0001451013,0.000171922,0.0003935742,0.0002931587,0.0002890121
0.45,0.0003950142,0.000388999,0.000003951583,0.001037442,0.000003368148,0.0001435386,0.0001700938,0.0003893792,0.000290411,0.0002859408
0.4583333,0.0003913939,0.0003849224,0.000003974403,0.001023155,0.000003397428,0.0001420156,0.0001683117,0.0003852902,0.000287728,0.0002829471
0.4666667,0.000387858,0.0003809477,0.000003997074,0.001009276,0.000003426399,0.000140531,0.0001665743,0.0003813036,0.0002851078,0.0002800283
0.475,0.0003844038,0.0003770718,0.000004019598,0.0009957901,0.000003455068,0.0001390835,0.00016488,0.0003774162,0.0002825484,0.0002771819
0.4833333,0.000381028,0.0003732915,0.00000404198,0.0009826841,0.000003483443,0.0001376719,0.0001632275,0.0003736247,0.0002800475,0.0002744057
0.4916667,0.0003777285,0.0003696035,0.000004064219,0.0009699445,0.00000351153,0.000136295,0.0001616154,0.000369926,0.0002776033,0.0002716973
0.5,0.0003745026,0.000366005,0.00000408632,0.0009575587,0.000003539338,0.0001349518,0.0001600424,0.0003663171,0.000275214,0.0002690545
0.5083333,0.0003713478,0.000362493,0.000004108284,0.0009455143,0.000003566872,0.0001336411,0.0001585071,0.0003627951,0.0002728777,0.0002664752
0.5166667,0.000368262,0.0003590646,0.000004130113,0.0009337997,0.000003594139,0.0001323619,0.0001570085,0.0003593571,0.0002705927,0.0002639574
0.525,0.0003652428,0.0003557173,0.00000415181,0.0009224036,0.000003621146,0.0001311131,0.0001555453,0.0003560004,0.0002683574,0.000261499
0.5333334,0.0003622881,0.0003524483,0.000004173377,0.0009113146,0.000003647899,0.0001298938,0.0001541163,0.0003527223,0.0002661701,0.0002590981
0.5416667,0.000359396,0.0003492551,0.000004194815,0.0009005225,0.000003674404,0.000128703,0.0001527205,0.0003495205,0.0002640293,0.0002567529
0.55,0.0003565643,0.0003461354,0.000004216125,0.0008900171,0.000003700666,0.0001275398,0.0001513567,0.0003463923,0.0002619337,0.0002544616
0.5583333,0.0003537912,0.0003430867,0.000004237312,0.0008797884,0.000003726692,0.0001264033,0.000150024,0.0003433354,0.0002598816,0.0002522224
0.5666667,0.0003510749,0.0003401068,0.000004258376,0.0008698271,0.000003752486,0.0001252926,0.0001487214,0.0003403476,0.0002578718,0.0002500337
0.575,0.0003484136,0.0003371934,0.000004279318,0.0008601242,0.000003778053,0.000124207,0.0001474479,0.0003374267,0.000255903,0.0002478939
0.5833333,0.0003458054,0.0003343445,0.000004300141,0.0008506706,0.0000038034,0.0001231455,0.0001462025,0.0003345704,0.0002539737,0.0002458014
0.5916666,0.0003432489,0.0003315579,0.000004320847,0.000841458,0.00000382853,0.0001221075,0.0001449844,0.0003317768,0.0002520829,0.0002437547
0.6,0.0003407423,0.0003288318,0.000004341436,0.0008324785,0.000003853449,0.0001210922,0.0001437927,0.0003290438,0.0002502293,0.0002417523
0.6083333,0.0003382842,0.0003261643,0.000004361911,0.0008237244,0.000003878161,0.0001200989,0.0001426266,0.0003263697,0.0002484118,0.0002397929
0.6166667,0.0003358733,0.0003235536,0.000004382272,0.0008151884,0.000003902671,0.0001191269,0.0001414853,0.0003237525,0.0002466294,0.0002378752
0.625,0.0003335077,0.0003209976,0.000004402523,0.0008068622,0.000003926983,0.0001181755,0.000140368,0.0003211904,0.0002448806,0.0002359978
0.6333333,0.0003311862,0.0003184949,0.000004422664,0.0007987396,0.000003951101,0.0001172441,0.000139274,0.0003186817,0.0002431648,0.0002341594
0.6416667,0.0003289075,0.0003160439,0.000004442696,0.0007908141,0.000003975028,0.0001163321,0.0001382025,0.0003162248,0.0002414809,0.0002323589
0.65,0.0003266705,0.0003136428,0.00000446262,0.0007830795,0.00000399877,0.0001154389,0.0001371529,0.0003138182,0.0002398279,0.0002305952
0.6583334,0.0003244739,0.0003112905,0.00000448244,0.0007755299,0.000004022329,0.0001145639,0.0001361246,0.0003114604,0.0002382051,0.0002288672
0.6666667,0.0003223162,0.0003089849,0.000004502155,0.0007681581,0.00000404571,0.0001137065,0.0001351167,0.0003091496,0.0002366112,0.0002271735
0.675,0.0003201964,0.0003067251,0.000004521767,0.0007609589,0.000004068916,0.0001128662,0.0001341288,0.0003068847,0.0002350455,0.0002255134
0.6833333,0.0003181135,0.0003045094,0.000004541277,0.0007539272,0.000004091951,0.0001120425,0.0001331602,0.0003046641,0.0002335073,0.0002238857
0.6916667,0.0003160664,0.0003023367,0.000004560687,0.0007470576,0.000004114817,0.000111235,0.0001322104,0.0003024866,0.0002319956,0.0002222896
0.7,0.000314054,0.0003002057,0.000004579997,0.000740345,0.000004137519,0.0001104431,0.0001312788,0.000300351,0.0002305099,0.0002207241
0.7083333,0.0003120753,0.000298115,0.000004599211,0.0007337842,0.000004160059,0.0001096663,0.0001303648,0.0002982559,0.0002290492,0.0002191882
0.7166666,0.0003101293,0.0002960636,0.000004618326,0.0007273704,0.00000418244,0.0001089042,0.000129468,0.0002962002,0.0002276128,0.000217681
0.725,0.0003082152,0.0002940502,0.000004637347,0.000721099,0.000004204665,0.0001081564,0.0001285878,0.0002941826,0.0002262002,0.0002162018
0.7333333,0.0003063318,0.0002920737,0.000004656272,0.0007149656,0.000004226737,0.0001074224,0.0001277237,0.0002922021,0.0002248104,0.0002147497
0.7416667,0.0003044785,0.000290133,0.000004675104,0.0007089658,0.00000424866,0.0001067018,0.0001268753,0.0002902575,0.000223443,0.0002133239
0.75,0.0003026544,0.0002882271,0.000004693844,0.0007030956,0.000004270436,0.0001059943,0.0001260421,0.0002883478,0.0002220973,0.0002119237
0.7583333,0.0003008586,0.0002863551,0.000004712493,0.0006973509,0.000004292066,0.0001052995,0.0001252237,0.0002864721,0.0002207727,0.0002105483
0.7666667,0.0002990903,0.0002845158,0.000004731051,0.0006917278,0.000004313555,0.000104617,0.0001244197,0.0002846293,0.0002194686,0.000209197
0.775,0.0002973489,0.0002827084,0.00000474952,0.0006862225,0.000004334905,0.0001039464,0.0001236295,0.0002828185,0.0002181844,0.000207869
0.7833334,0.0002956334,0.0002809319,0.000004767901,0.000680831,0.000004356117,0.0001032873,0.0001228529,0.0002810386,0.0002169195,0.0002065637
0.7916667,0.0002939433,0.0002791855,0.000004786195,0.0006755505,0.000004377194,0.0001026396,0.0001220894,0.000279289,0.0002156735,0.0002052806
0.8,0.0002922779,0.0002774683,0.000004804402,0.0006703775,0.000004398139,0.0001020028,0.0001213386,0.0002775687,0.0002144459,0.0002040188
0.8083333,0.0002906365,0.0002757795,0.000004822524,0.0006653085,0.000004418954,0.0001013766,0.0001206003,0.0002758769,0.000213236,0.000202778
0.8166667,0.0002890184,0.0002741183,0.000004840562,0.0006603404,0.000004439641,0.0001007608,0.0001198741,0.0002742128,0.0002120436,0.0002015574
0.825,0.0002874231,0.0002724839,0.000004858516,0.0006554702,0.000004460202,0.000100155,0.0001191595,0.0002725755,0.000210868,0.0002003564
0.8333333,0.0002858498,0.0002708756,0.000004876387,0.0006506951,0.000004480639,0.00009955894,0.0001184564,0.0002709645,0.0002097089,0.0001991747
0.8416666,0.0002842982,0.0002692927,0.000004894176,0.0006460123,0.000004500955,0.00009897241,0.0001177644,0.0002693789,0.0002085658,0.0001980115
0.85,0.0002827675,0.0002677345,0.000004911884,0.000641419,0.00000452115,0.00009839512,0.0001170831,0.0002678181,0.0002074383,0.0001968665
0.8583333,0.0002812574,0.0002662003,0.000004929512,0.0006369126,0.000004541227,0.00009782681,0.0001164124,0.0002662814,0.000206326,0.0001957392
0.8666667,0.0002797671,0.0002646894,0.000004947061,0.0006324907,0.000004561188,0.00009726724,0.0001157518,0.0002647681,0.0002052286,0.0001946289
0.875,0.0002782963,0.0002632013,0.000004964531,0.0006281506,0.000004581034,0.00009671618,0.0001151012,0.0002632776,0.0002041455,0.0001935354
0.8833333,0.0002768444,0.0002617353,0.000004981923,0.0006238901,0.000004600767,0.0000961734,0.0001144603,0.0002618094,0.0002030766,0.0001924581
0.8916667,0.000275411,0.0002602909,0.000004999238,0.0006197069,0.00000462039,0.00009563869,0.0001138288,0.0002603627,0.0002020214,0.0001913967
0.9,0.0002739957,0.0002588675,0.000005016476,0.0006155988,0.000004639902,0.00009511182,0.0001132065,0.0002589372,0.0002009796,0.0001903507
0.9083334,0.0002725979,0.0002574645,0.000005033639,0.0006115637,0.000004659307,0.00009459259,0.0001125931,0.0002575321,0.0001999508,0.0001893196
0.9166667,0.0002712173,0.0002560814,0.000005050727,0.0006075994,0.000004678606,0.00009408081,0.0001119884,0.0002561469,0.0001989347,0.0001883032
0.925,0.0002698533,0.0002547177,0.000005067741,0.0006037041,0.000004697799,0.00009357627,0.0001113922,0.0002547813,0.0001979311,0.0001873011
0.9333333,0.0002685057,0.0002533729,0.000005084682,0.0005998758,0.00000471689,0.00009307879,0.0001108042,0.0002534346,0.0001969396,0.0001863128
0.9416667,0.0002671741,0.0002520465,0.000005101549,0.0005961125,0.000004735878,0.00009258821,0.0001102243,0.0002521064,0.0001959599,0.000185338
0.95,0.0002658581,0.0002507381,0.000005118344,0.0005924127,0.000004754766,0.00009210433,0.0001096523,0.0002507962,0.0001949919,0.0001843764
0.9583333,0.0002645573,0.0002494472,0.000005135068,0.0005887744,0.000004773555,0.000091627,0.0001090879,0.0002495035,0.0001940351,0.0001834277
0.9666666,0.0002632714,0.0002481734,0.00000515172,0.000585196,0.000004792245,0.00009115604,0.0001085309,0.000248228,0.0001930893,0.0001824916
0.975,0.0002619999,0.0002469162,0.000005168302,0.0005816757,0.00000481084,0.00009069129,0.0001079813,0.0002469692,0.0001921543,0.0001815676
0.9833333,0.0002607426,0.0002456752,0.000005184815,0.000578212,0.000004829338,0.00009023259,0.0001074387,0.0002457266,0.0001912298,0.0001806555
0.9916667,0.0002594992,0.00024445,0.000005201259,0.0005748032,0.000004847743,0.00008977979,0.000106903,0.0002444998,0.0001903156,0.0001797551
1,0.0002582692,0.0002432401,0.000005217634,0.0005714478,0.000004866055,0.00008933273,0.000106374,0.0002432885,0.0001894113,0.0001788659
1.008333,0.0002570525,0.0002420454,0.000005233941,0.0005681447,0.000004884276,0.00008889131,0.0001058517,0.0002420923,0.0001885169,0.0001779878
1.016667,0.0002558488,0.0002408655,0.00000525018,0.0005648927,0.000004902405,0.0000884554,0.0001053358,0.000240911,0.0001876322,0.0001771206
1.025,0.0002546578,0.0002396999,0.000005266354,0.00056169,0.000004920445,0.00008802486,0.0001048262,0.000239744,0.0001867569,0.0001762639
1.033333,0.0002534792,0.0002385483,0.00000528246,0.0005585354,0.000004938398,0.00008759953,0.0001043227,0.0002385911,0.0001858907,0.0001754175
1.041667,0.0002523127,0.0002374104,0.000005298501,0.0005554275,0.000004956262,0.0000871793,0.0001038251,0.0002374518,0.0001850336,0.0001745811
1.05,0.0002511581,0.0002362858,0.000005314478,0.0005523651,0.000004974041,0.00008676404,0.0001033334,0.000236326,0.0001841852,0.0001737545
1.058333,0.000250015,0.0002351741,0.000005330389,0.0005493468,0.000004991734,0.00008635363,0.0001028474,0.0002352131,0.0001833454,0.0001729375
1.066667,0.0002488832,0.0002340752,0.000005346236,0.0005463714,0.000005009343,0.00008594793,0.0001023669,0.000234113,0.0001825139,0.0001721297
1.075,0.0002477626,0.0002329888,0.00000536202,0.0005434382,0.000005026869,0.00008554689,0.0001018919,0.0002330254,0.0001816907,0.0001713312
1.083333,0.000246653,0.0002319145,0.000005377741,0.0005405464,0.000005044312,0.00008515042,0.0001014222,0.0002319501,0.0001808757,0.0001705416
1.091667,0.000245554,0.0002308522,0.000005393399,0.0005376946,0.000005061675,0.00008475839,0.0001009577,0.0002308867,0.0001800686,0.0001697608
1.1,0.0002444655,0.0002298015,0.000005408994,0.0005348817,0.000005078956,0.00008437068,0.0001004983,0.0002298349,0.0001792692,0.0001689885
1.108333,0.0002433873,0.0002287622,0.000005424529,0.0005321067,0.000005096158,0.0000839872,0.0001000439,0.0002287945,0.0001784774,0.0001682245
1.116667,0.0002423191,0.0002277339,0.000005440002,0.0005293685,0.000005113282,0.00008360785,0.00009959428,0.0002277653,0.000177693,0.0001674687
1.125,0.0002412607,0.0002267165,0.000005455414,0.0005266664,0.000005130327,0.00008323255,0.00009914943,0.0002267469,0.0001769159,0.0001667208
1.133333,0.000240212,0.0002257097,0.000005470766,0.0005239992,0.000005147295,0.00008286118,0.00009870921,0.0002257391,0.000176146,0.0001659808
1.141667,0.0002391728,0.0002247133,0.000005486059,0.0005213664,0.000005164188,0.00008249369,0.00009827355,0.0002247418,0.000175383,0.0001652484
1.15,0.0002381429,0.0002237272,0.000005501292,0.0005187673,0.000005181004,0.00008213003,0.00009784237,0.0002237547,0.000174627,0.0001645235
1.158333,0.0002371221,0.000222751,0.000005516466,0.0005162009,0.000005197746,0.00008177007,0.00009741556,0.0002227777,0.0001738777,0.0001638059
1.166667,0.0002361103,0.0002217846,0.000005531581,0.0005136664,0.000005214415,0.00008141375,0.000096993,0.0002218104,0.0001731351,0.0001630955
1.175,0.0002351073,0.0002208278,0.000005546639,0.000511163,0.000005231009,0.00008106099,0.00009657463,0.0002208528,0.000172399,0.0001623922
1.183333,0.0002341129,0.0002198803,0.000005561639,0.00050869,0.000005247532,0.00008071171,0.00009616035,0.0002199045,0.0001716692,0.0001616957
1.191667,0.000233127,0.000218942,0.000005576581,0.0005062466,0.000005263983,0.00008036585,0.00009575009,0.0002189654,0.0001709457,0.0001610059
1.2,0.0002321494,0.0002180127,0.000005591467,0.0005038321,0.000005280362,0.00008002332,0.00009534375,0.0002180353,0.0001702284,0.0001603228
1.208333,0.00023118,0.0002170922,0.000005606296,0.000501446,0.000005296672,0.00007968408,0.00009494127,0.0002171141,0.0001695171,0.0001596461
1.216667,0.0002302187,0.0002161804,0.00000562107,0.0004990877,0.000005312911,0.00007934806,0.00009454258,0.0002162015,0.0001688117,0.0001589758
1.225,0.0002292653,0.000215277,0.000005635788,0.0004967565,0.000005329081,0.00007901519,0.0000941476,0.0002152975,0.0001681123,0.0001583118
1.233333,0.0002283196,0.000214382,0.00000565045,0.0004944517,0.000005345184,0.00007868542,0.00009375626,0.0002144018,0.0001674185,0.0001576538
1.241667,0.0002273816,0.0002134952,0.000005665057,0.0004921727,0.000005361218,0.00007835868,0.00009336848,0.0002135142,0.0001667304,0.0001570019
1.25,0.0002264511,0.0002126163,0.000005679611,0.000489919,0.000005377185,0.00007803491,0.0000929842,0.0002126347,0.0001660479,0.0001563558
1.258333,0.000225528,0.0002117453,0.000005694109,0.0004876901,0.000005393086,0.00007771406,0.00009260335,0.0002117631,0.0001653708,0.0001557155
1.266667,0.0002246121,0.000210882,0.000005708554,0.0004854853,0.000005408921,0.00007739607,0.00009222588,0.0002108992,0.000164699,0.0001550809
1.275,0.0002237034,0.0002100263,0.000005722946,0.0004833042,0.00000542469,0.00007708089,0.00009185171,0.0002100428,0.0001640326,0.0001544518
1.283333,0.0002228018,0.000209178,0.000005737285,0.0004811463,0.000005440394,0.00007676848,0.0000914808,0.000209194,0.0001633714,0.0001538282
1.291667,0.0002219071,0.000208337,0.000005751571,0.0004790111,0.000005456034,0.00007645879,0.00009111308,0.0002083524,0.0001627152,0.00015321
1.3,0.0002210192,0.0002075032,0.000005765805,0.0004768981,0.000005471611,0.00007615175,0.0000907485,0.0002075181,0.0001620642,0.000152597
1.308333,0.0002201381,0.0002066764,0.000005779986,0.0004748068,0.000005487124,0.00007584733,0.00009038699,0.0002066907,0.000161418,0.0001519892
1.316667,0.0002192635,0.0002058566,0.000005794116,0.0004727367,0.000005502574,0.00007554547,0.00009002852,0.0002058704,0.0001607768,0.0001513865
1.325,0.0002183955,0.0002050435,0.000005808195,0.0004706874,0.000005517963,0.00007524613,0.000089673,0.0002050568,0.0001601403,0.0001507887
1.333333,0.0002175339,0.0002042372,0.000005822223,0.0004686584,0.00000553329,0.00007494927,0.00008932041,0.0002042499,0.0001595086,0.0001501959
1.341667,0.0002166786,0.0002034373,0.000005836199,0.0004666494,0.000005548556,0.00007465484,0.00008897068,0.0002034496,0.0001588816,0.0001496079
1.35,0.0002158295,0.000202644,0.000005850126,0.0004646601,0.000005563762,0.00007436282,0.00008862379,0.0002026557,0.0001582591,0.0001490247
1.358333,0.0002149866,0.000201857,0.000005864003,0.0004626899,0.000005578907,0.00007407316,0.00008827968,0.0002018683,0.0001576412,0.0001484461
1.366667,0.0002141498,0.0002010763,0.000005877829,0.0004607386,0.000005593992,0.00007378581,0.00008793831,0.0002010871,0.0001570278,0.0001478721
1.375,0.0002133189,0.0002003017,0.000005891607,0.0004588056,0.000005609019,0.00007350074,0.00008759961,0.0002003121,0.0001564187,0.0001473027
1.383333,0.0002124939,0.0001995332,0.000005905335,0.0004568907,0.000005623987,0.00007321791,0.00008726356,0.0001995431,0.000155814,0.0001467376
1.391667,0.0002116747,0.0001987706,0.000005919015,0.0004549935,0.000005638896,0.00007293728,0.00008693011,0.00019878,0.0001552136,0.000146177
1.4,0.0002108613,0.0001980138,0.000005932646,0.0004531136,0.000005653748,0.00007265882,0.00008659921,0.0001980229,0.0001546173,0.0001456206
1.408333,0.0002100534,0.0001972628,0.000005946229,0.0004512507,0.000005668543,0.00007238249,0.00008627083,0.0001972715,0.0001540253,0.0001450685
1.416667,0.0002092512,0.0001965175,0.000005959764,0.0004494046,0.000005683281,0.00007210827,0.00008594495,0.0001965258,0.0001534373,0.0001445206
1.425,0.0002084545,0.0001957778,0.000005973251,0.000447575,0.000005697962,0.00007183612,0.0000856215,0.0001957857,0.0001528534,0.0001439767
1.433333,0.0002076632,0.0001950437,0.000005986691,0.0004457614,0.000005712588,0.00007156601,0.00008530047,0.0001950511,0.0001522735,0.000143437
1.441667,0.0002068773,0.0001943149,0.000006000084,0.0004439637,0.000005727157,0.00007129792,0.00008498181,0.000194322,0.0001516976,0.0001429012
1.45,0.0002060966,0.0001935915,0.000006013431,0.0004421815,0.000005741671,0.00007103179,0.00008466549,0.0001935982,0.0001511256,0.0001423693
1.458333,0.0002053212,0.0001928733,0.000006026731,0.0004404144,0.000005756131,0.00007076762,0.00008435146,0.0001928796,0.0001505574,0.0001418413
1.466667,0.0002045509,0.0001921603,0.000006039984,0.0004386624,0.000005770537,0.00007050537,0.0000840397,0.0001921663,0.000149993,0.0001413171
1.475,0.0002037858,0.0001914524,0.000006053192,0.000436925,0.000005784888,0.000070245,0.00008373018,0.0001914581,0.0001494323,0.0001407967
1.483333,0.0002030257,0.0001907496,0.000006066355,0.0004352022,0.000005799186,0.00006998651,0.00008342287,0.0001907549,0.0001488754,0.00014028
1.491667,0.0002022705,0.0001900518,0.000006079472,0.0004334936,0.00000581343,0.00006972986,0.00008311773,0.0001900568,0.0001483221,0.0001397669
1.5,0.0002015203,0.0001893589,0.000006092544,0.000431799,0.000005827622,0.00006947503,0.00008281475,0.0001893635,0.0001477724,0.0001392574
1.508333,0.000200775,0.0001886708,0.000006105571,0.0004301181,0.000005841761,0.00006922199,0.00008251388,0.0001886751,0.0001472264,0.0001387516
1.516667,0.0002000344,0.0001879875,0.000006118553,0.0004284508,0.000005855848,0.00006897072,0.0000822151,0.0001879915,0.0001466838,0.0001382492
1.525,0.0001992986,0.0001873089,0.000006131492,0.0004267967,0.000005869884,0.00006872118,0.00008191838,0.0001873126,0.0001461448,0.0001377503
1.533333,0.0001985675,0.000186635,0.000006144386,0.0004251557,0.000005883868,0.00006847337,0.00008162369,0.0001866384,0.0001456092,0.0001372548
1.541667,0.0001978411,0.0001859657,0.000006157236,0.0004235276,0.000005897801,0.00006822725,0.00008133101,0.0001859688,0.000145077,0.0001367627
1.55,0.0001971192,0.0001853009,0.000006170043,0.0004219122,0.000005911683,0.00006798282,0.00008104031,0.0001853037,0.0001445482,0.0001362739
1.558333,0.0001964019,0.0001846406,0.000006182807,0.0004203092,0.000005925515,0.00006774003,0.00008075158,0.0001846431,0.0001440227,0.0001357884
1.566667,0.0001956891,0.0001839847,0.000006195528,0.0004187186,0.000005939296,0.00006749888,0.00008046478,0.0001839869,0.0001435006,0.0001353061
1.575,0.0001949807,0.0001833331,0.000006208206,0.00041714,0.000005953029,0.00006725935,0.00008017989,0.0001833351,0.0001429817,0.0001348271
1.583333,0.0001942767,0.0001826859,0.000006220841,0.0004155733,0.000005966712,0.00006702141,0.00007989688,0.0001826876,0.0001424661,0.0001343512
1.591667,0.0001935771,0.0001820429,0.000006233435,0.0004140184,0.000005980346,0.00006678505,0.00007961574,0.0001820444,0.0001419536,0.0001338785
1.6,0.0001928818,0.0001814042,0.000006245986,0.000412475,0.000005993931,0.00006655024,0.00007933644,0.0001814054,0.0001414444,0.0001334089
1.608333,0.0001921908,0.0001807696,0.000006258495,0.000410943,0.000006007468,0.00006631696,0.00007905895,0.0001807706,0.0001409382,0.0001329423
1.616667,0.000191504,0.0001801392,0.000006270964,0.0004094223,0.000006020956,0.00006608521,0.00007878328,0.0001801398,0.0001404352,0.0001324788
1.625,0.0001908214,0.0001795128,0.00000628339,0.0004079127,0.000006034397,0.00006585497,0.00007850939,0.0001795132,0.0001399352,0.0001320182
1.633333,0.0001901429,0.0001788904,0.000006295776,0.000406414,0.000006047791,0.00006562621,0.00007823725,0.0001788906,0.0001394383,0.0001315606
1.641667,0.0001894686,0.0001782721,0.00000630812,0.000404926,0.000006061137,0.00006539892,0.00007796686,0.000178272,0.0001389445,0.000131106
1.65,0.0001887983,0.0001776576,0.000006320425,0.0004034487,0.000006074436,0.00006517308,0.00007769818,0.0001776573,0.0001384535,0.0001306542
1.658333,0.000188132,0.0001770471,0.000006332688,0.0004019819,0.000006087689,0.00006494868,0.0000774312,0.0001770466,0.0001379656,0.0001302053
1.666667,0.0001874697,0.0001764403,0.000006344912,0.0004005253,0.000006100896,0.00006472569,0.00007716591,0.0001764396,0.0001374806,0.0001297592
1.675,0.0001868113,0.0001758374,0.000006357096,0.000399079,0.000006114057,0.00006450411,0.00007690228,0.0001758365,0.0001369984,0.0001293159
1.683333,0.0001861569,0.0001752383,0.00000636924,0.0003976426,0.000006127172,0.00006428391,0.00007664029,0.0001752371,0.0001365192,0.0001288754
1.691667,0.0001855063,0.0001746429,0.000006381344,0.0003962162,0.000006140242,0.00006406509,0.00007637993,0.0001746415,0.0001360428,0.0001284376
1.7,0.0001848596,0.0001740511,0.000006393409,0.0003947995,0.000006153266,0.00006384762,0.00007612117,0.0001740495,0.0001355692,0.0001280025
1.708333,0.0001842167,0.000173463,0.000006405435,0.0003933923,0.000006166246,0.00006363149,0.000075864,0.0001734612,0.0001350983,0.0001275701
1.716667,0.0001835775,0.0001728785,0.000006417423,0.0003919947,0.000006179181,0.00006341669,0.0000756084,0.0001728765,0.0001346303,0.0001271403
1.725,0.0001829421,0.0001722976,0.000006429371,0.0003906068,0.000006192072,0.00006320323,0.0000753544,0.0001722954,0.000134165,0.0001267132
1.733333,0.0001823104,0.0001717202,0.000006441282,0.0003892282,0.000006204919,0.00006299108,0.00007510195,0.0001717179,0.0001337025,0.0001262887
1.741667,0.0001816824,0.0001711464,0.000006453154,0.0003878589,0.000006217722,0.00006278022,0.00007485104,0.0001711439,0.0001332426,0.0001258668
1.75,0.0001810581,0.0001705761,0.000006464988,0.0003864985,0.000006230482,0.00006257065,0.00007460163,0.0001705733,0.0001327854,0.0001254474
1.758333,0.0001804373,0.0001700091,0.000006476785,0.0003851472,0.000006243198,0.00006236233,0.00007435373,0.0001700062,0.0001323309,0.0001250306
1.766667,0.0001798201,0.0001694456,0.000006488543,0.0003838047,0.000006255872,0.00006215528,0.00007410732,0.0001694425,0.000131879,0.0001246162
1.775,0.0001792065,0.0001688854,0.000006500265,0.000382471,0.000006268502,0.00006194945,0.00007386237,0.0001688821,0.0001314297,0.0001242043
1.783333,0.0001785964,0.0001683286,0.000006511949,0.0003811458,0.00000628109,0.00006174486,0.00007361888,0.0001683251,0.0001309829,0.0001237949
1.791667,0.0001779897,0.000167775,0.000006523597,0.0003798292,0.000006293637,0.00006154148,0.00007337683,0.0001677714,0.0001305388,0.0001233879
1.8,0.0001773866,0.0001672247,0.000006535207,0.0003785209,0.000006306141,0.00006133929,0.00007313621,0.0001672209,0.0001300971,0.0001229833
1.808333,0.0001767868,0.0001666777,0.000006546782,0.0003772209,0.000006318604,0.00006113829,0.00007289699,0.0001666737,0.000129658,0.000122581
1.816667,0.0001761904,0.0001661338,0.000006558319,0.000375929,0.000006331025,0.00006093847,0.00007265916,0.0001661296,0.0001292213,0.0001221811
1.825,0.0001755974,0.0001655931,0.000006569821,0.0003746453,0.000006343405,0.00006073982,0.00007242273,0.0001655887,0.0001287871,0.0001217836
1.833333,0.0001750078,0.0001650556,0.000006581287,0.00037337,0.000006355744,0.00006054237,0.00007218771,0.0001650511,0.0001283554,0.0001213884
1.841667,0.0001744215,0.0001645213,0.000006592717,0.0003721028,0.000006368042,0.00006034607,0.00007195406,0.0001645166,0.0001279262,0.0001209955
1.85,0.0001738385,0.0001639901,0.000006604111,0.0003708434,0.0000063803,0.00006015091,0.00007172178,0.0001639852,0.0001274994,0.0001206049
1.858333,0.0001732588,0.0001634619,0.00000661547,0.0003695919,0.000006392518,0.00005995688,0.00007149083,0.0001634569,0.000127075,0.0001202166
1.866667,0.0001726824,0.0001629368,0.000006626794,0.000368348,0.000006404695,0.00005976397,0.00007126121,0.0001629317,0.0001266529,0.0001198304
1.875,0.0001721091,0.0001624147,0.000006638083,0.0003671118,0.000006416833,0.00005957218,0.00007103291,0.0001624094,0.0001262333,0.0001194466
1.883333,0.0001715391,0.0001618956,0.000006649337,0.0003658832,0.000006428931,0.00005938148,0.00007080592,0.0001618902,0.0001258159,0.0001190649
1.891667,0.0001709722,0.0001613794,0.000006660556,0.000364662,0.00000644099,0.00005919187,0.00007058022,0.0001613739,0.0001254009,0.0001186853
1.9,0.0001704085,0.0001608662,0.000006671742,0.0003634482,0.00000645301,0.00005900335,0.0000703558,0.0001608605,0.0001249882,0.000118308
1.908333,0.0001698478,0.0001603559,0.000006682892,0.0003622417,0.000006464991,0.00005881588,0.00007013266,0.00016035,0.0001245777,0.0001179328
1.916667,0.0001692903,0.0001598485,0.000006694009,0.0003610424,0.000006476933,0.00005862948,0.00006991077,0.0001598424,0.0001241696,0.0001175596
1.925,0.0001687358,0.0001593439,0.000006705092,0.0003598501,0.000006488837,0.00005844413,0.00006969013,0.0001593377,0.0001237636,0.0001171886
1.933333,0.0001681844,0.0001588421,0.000006716141,0.0003586652,0.000006500703,0.00005825984,0.00006947073,0.0001588358,0.00012336,0.0001168197
1.941667,0.0001676361,0.0001583433,0.000006727157,0.0003574874,0.00000651253,0.0000580766,0.0000692526,0.0001583369,0.0001229585,0.0001164529
1.95,0.0001670908,0.0001578473,0.000006738139,0.0003563167,0.00000652432,0.00005789439,0.0000690357,0.0001578407,0.0001225593,0.0001160882
1.958333,0.0001665484,0.000157354,0.000006749089,0.0003551528,0.000006536072,0.00005771321,0.00006882001,0.0001573473,0.0001221623,0.0001157255
1.966667,0.0001660091,0.0001568635,0.000006760005,0.0003539959,0.000006547787,0.00005753304,0.00006860552,0.0001568566,0.0001217674,0.0001153648
1.975,0.0001654727,0.0001563757,0.000006770888,0.0003528457,0.000006559465,0.00005735388,0.00006839223,0.0001563687,0.0001213748,0.0001150062
1.983333,0.0001649392,0.0001558907,0.000006781739,0.0003517023,0.000006571106,0.00005717572,0.00006818013,0.0001558836,0.0001209842,0.0001146495
1.991667,0.0001644086,0.0001554083,0.000006792558,0.0003505655,0.00000658271,0.00005699855,0.00006796921,0.0001554011,0.0001205958,0.0001142949
2,0.0001638809,0.0001549286,0.000006803343,0.0003494354,0.000006594278,0.00005682236,0.00006775946,0.0001549213,0.0001202095,0.0001139422
2.008333,0.0001633561,0.0001544516,0.000006814098,0.0003483118,0.000006605809,0.00005664715,0.00006755087,0.0001544441,0.0001198253,0.0001135914
2.016667,0.0001628342,0.0001539772,0.00000682482,0.0003471947,0.000006617304,0.00005647291,0.00006734343,0.0001539696,0.0001194432,0.0001132426
2.025,0.000162315,0.0001535054,0.00000683551,0.0003460841,0.000006628763,0.00005629963,0.00006713713,0.0001534977,0.0001190632,0.0001128957
2.033333,0.0001617987,0.0001530362,0.000006846168,0.0003449798,0.000006640187,0.0000561273,0.00006693196,0.0001530284,0.0001186852,0.0001125507
2.041667,0.0001612851,0.0001525696,0.000006856796,0.0003438819,0.000006651574,0.00005595593,0.00006672793,0.0001525617,0.0001183093,0.0001122076
2.05,0.0001607744,0.0001521056,0.000006867392,0.0003427903,0.000006662927,0.00005578551,0.00006652503,0.0001520975,0.0001179354,0.0001118664
2.058333,0.0001602664,0.0001516441,0.000006877956,0.000341705,0.000006674245,0.00005561602,0.00006632323,0.0001516359,0.0001175635,0.0001115271
2.066667,0.0001597611,0.0001511852,0.00000688849,0.0003406259,0.000006685527,0.00005544746,0.00006612254,0.0001511768,0.0001171937,0.0001111896
2.075,0.0001592586,0.0001507287,0.000006898993,0.0003395529,0.000006696775,0.00005527982,0.00006592296,0.0001507203,0.0001168258,0.000110854
2.083333,0.0001587588,0.0001502748,0.000006909466,0.000338486,0.000006707988,0.0000551131,0.00006572445,0.0001502662,0.0001164599,0.0001105202
2.091667,0.0001582616,0.0001498233,0.000006919908,0.0003374252,0.000006719166,0.00005494729,0.00006552703,0.0001498146,0.000116096,0.0001101882
2.1,0.0001577672,0.0001493743,0.00000693032,0.0003363704,0.000006730311,0.00005478238,0.00006533069,0.0001493655,0.0001157341,0.0001098581
2.108333,0.0001572754,0.0001489277,0.000006940701,0.0003353215,0.000006741421,0.00005461838,0.00006513541,0.0001489188,0.000115374,0.0001095297
2.116667,0.0001567862,0.0001484836,0.000006951052,0.0003342785,0.000006752498,0.00005445526,0.0000649412,0.0001484745,0.000115016,0.0001092031
2.125,0.0001562996,0.0001480418,0.000006961374,0.0003332414,0.000006763541,0.00005429303,0.00006474803,0.0001480327,0.0001146598,0.0001088783
2.133333,0.0001558157,0.0001476025,0.000006971667,0.0003322101,0.00000677455,0.00005413168,0.00006455592,0.0001475932,0.0001143055,0.0001085553
2.141667,0.0001553343,0.0001471655,0.000006981929,0.0003311846,0.000006785527,0.0000539712,0.00006436484,0.0001471561,0.0001139532,0.000108234
2.15,0.0001548555,0.0001467309,0.000006992163,0.0003301648,0.00000679647,0.00005381159,0.0000641748,0.0001467214,0.0001136027,0.0001079144
2.158333,0.0001543793,0.0001462986,0.000007002366,0.0003291508,0.00000680738,0.00005365285,0.00006398578,0.0001462891,0.0001132541,0.0001075965
2.166667,0.0001539056,0.0001458687,0.000007012541,0.0003281423,0.000006818258,0.00005349496,0.00006379778,0.000145859,0.0001129074,0.0001072804
2.175,0.0001534344,0.0001454411,0.000007022687,0.0003271395,0.000006829102,0.00005333792,0.00006361079,0.0001454313,0.0001125625,0.000106966
2.183333,0.0001529657,0.0001450157,0.000007032805,0.0003261422,0.000006839915,0.00005318173,0.00006342481,0.0001450059,0.0001122194,0.0001066532
2.191667,0.0001524996,0.0001445927,0.000007042893,0.0003251505,0.000006850695,0.00005302638,0.00006323983,0.0001445827,0.0001118782,0.0001063422
2.2,0.0001520359,0.0001441719,0.000007052954,0.0003241643,0.000006861443,0.00005287186,0.00006305584,0.0001441619,0.0001115388,0.0001060328
2.208333,0.0001515747,0.0001437534,0.000007062986,0.0003231835,0.000006872159,0.00005271817,0.00006287284,0.0001437433,0.0001112012,0.0001057251
2.216667,0.0001511159,0.0001433372,0.000007072989,0.000322208,0.000006882844,0.00005256531,0.00006269081,0.0001433269,0.0001108653,0.000105419
2.225,0.0001506595,0.0001429231,0.000007082965,0.000321238,0.000006893497,0.00005241326,0.00006250977,0.0001429128,0.0001105313,0.0001051146
2.233333,0.0001502056,0.0001425113,0.000007092913,0.0003202733,0.000006904118,0.00005226202,0.00006232968,0.0001425008,0.000110199,0.0001048117
2.241667,0.0001497541,0.0001421017,0.000007102833,0.0003193138,0.000006914709,0.0000521116,0.00006215056,0.0001420911,0.0001098685,0.0001045105
2.25,0.0001493049,0.0001416942,0.000007112726,0.0003183597,0.000006925268,0.00005196198,0.00006197239,0.0001416836,0.0001095398,0.0001042109
2.258333,0.0001488582,0.000141289,0.000007122591,0.0003174108,0.000006935797,0.00005181316,0.00006179519,0.0001412782,0.0001092128,0.0001039129
2.266667,0.0001484138,0.0001408859,0.000007132429,0.0003164672,0.000006946294,0.00005166515,0.00006161893,0.000140875,0.0001088875,0.0001036166
2.275,0.0001479718,0.0001404849,0.00000714224,0.0003155287,0.000006956761,0.00005151792,0.00006144361,0.000140474,0.000108564,0.0001033218
2.283333,0.0001475321,0.0001400862,0.000007152023,0.0003145954,0.000006967198,0.00005137148,0.00006126922,0.0001400751,0.0001082421,0.0001030285
2.291667,0.0001470948,0.0001396895,0.00000716178,0.0003136672,0.000006977604,0.00005122582,0.00006109577,0.0001396784,0.000107922,0.0001027368
2.3,0.0001466597,0.0001392949,0.00000717151,0.000312744,0.000006987981,0.00005108093,0.00006092324,0.0001392837,0.0001076036,0.0001024467
2.308333,0.000146227,0.0001389024,0.000007181214,0.0003118259,0.000006998327,0.00005093681,0.00006075162,0.0001388911,0.0001072868,0.0001021581
2.316667,0.0001457965,0.0001385121,0.000007190891,0.0003109127,0.000007008644,0.00005079346,0.00006058091,0.0001385007,0.0001069717,0.0001018711
2.325,0.0001453683,0.0001381237,0.000007200541,0.0003100045,0.000007018931,0.00005065087,0.00006041111,0.0001381123,0.0001066583,0.0001015856
2.333333,0.0001449423,0.0001377375,0.000007210166,0.0003091012,0.000007029189,0.00005050903,0.00006024221,0.0001377259,0.0001063465,0.0001013015
2.341667,0.0001445186,0.0001373533,0.000007219764,0.0003082028,0.000007039417,0.00005036795,0.0000600742,0.0001373416,0.0001060364,0.000101019
2.35,0.0001440971,0.0001369711,0.000007229337,0.0003073092,0.000007049616,0.00005022761,0.00005990707,0.0001369593,0.0001057279,0.000100738
2.358333,0.0001436779,0.0001365909,0.000007238883,0.0003064205,0.000007059786,0.00005008801,0.00005974083,0.0001365791,0.000105421,0.0001004584
2.366667,0.0001432608,0.0001362127,0.000007248405,0.0003055365,0.000007069928,0.00004994914,0.00005957546,0.0001362008,0.0001051157,0.0001001804
2.375,0.0001428459,0.0001358365,0.000007257901,0.0003046572,0.00000708004,0.00004981101,0.00005941096,0.0001358245,0.000104812,0.00009990374
2.383333,0.0001424332,0.0001354623,0.000007267371,0.0003037826,0.000007090124,0.0000496736,0.00005924732,0.0001354502,0.0001045099,0.00009962857
2.391667,0.0001420226,0.00013509,0.000007276816,0.0003029127,0.00000710018,0.00004953691,0.00005908454,0.0001350779,0.0001042094,0.00009935485
2.4,0.0001416142,0.0001347197,0.000007286235,0.0003020474,0.000007110208,0.00004940093,0.00005892261,0.0001347075,0.0001039104,0.00009908255
2.408333,0.0001412079,0.0001343513,0.00000729563,0.0003011866,0.000007120207,0.00004926566,0.00005876152,0.000134339,0.000103613,0.00009881167
2.416667,0.0001408037,0.0001339848,0.000007305001,0.0003003303,0.000007130179,0.00004913109,0.00005860127,0.0001339724,0.0001033172,0.00009854219
2.425,0.0001404016,0.0001336203,0.000007314346,0.0002994785,0.000007140123,0.00004899722,0.00005844185,0.0001336078,0.0001030229,0.00009827412
2.433333,0.0001400016,0.0001332576,0.000007323667,0.0002986312,0.000007150039,0.00004886405,0.00005828325,0.000133245,0.0001027301,0.00009800743
2.441667,0.0001396037,0.0001328969,0.000007332963,0.0002977889,0.000007159928,0.00004873161,0.00005812554,0.0001328842,0.0001024389,0.00009774222
2.45,0.000139208,0.0001325382,0.000007342235,0.0002969513,0.000007169789,0.0000485999,0.00005796868,0.0001325255,0.0001021492,0.00009747846
2.458333,0.0001388144,0.0001321813,0.000007351482,0.0002961181,0.000007179623,0.00004846888,0.00005781265,0.0001321685,0.0001018611,0.00009721608
2.466667,0.0001384228,0.0001318264,0.000007360706,0.0002952895,0.000007189429,0.00004833855,0.00005765743,0.0001318135,0.0001015745,0.00009695507
2.475,0.0001380333,0.0001314733,0.000007369905,0.0002944653,0.000007199209,0.0000482089,0.00005750303,0.0001314603,0.0001012894,0.00009669544
2.483333,0.0001376458,0.000131122,0.000007379081,0.0002936454,0.000007208962,0.00004807993,0.00005734944,0.000131109,0.0001010058,0.00009643716
2.491667,0.0001372603,0.0001307726,0.000007388232,0.00029283,0.000007218689,0.00004795164,0.00005719664,0.0001307595,0.0001007236,0.00009618024
2.5,0.0001368769,0.000130425,0.000007397361,0.0002920188,0.000007228388,0.00004782401,0.00005704465,0.0001304118,0.0001004429,0.00009592465
2.508333,0.0001364954,0.0001300793,0.000007406466,0.0002912119,0.000007238062,0.00004769705,0.00005689345,0.000130066,0.0001001637,0.0000956704
2.516667,0.0001361159,0.0001297353,0.000007415547,0.0002904093,0.000007247709,0.00004757076,0.00005674304,0.0001297219,0.00009988597,0.00009541747
2.525,0.0001357384,0.0001293931,0.000007424605,0.0002896109,0.00000725733,0.00004744512,0.00005659341,0.0001293797,0.00009960965,0.00009516585
2.533333,0.0001353628,0.0001290527,0.00000743364,0.0002888167,0.000007266925,0.00004732013,0.00005644455,0.0001290392,0.00009933476,0.00009491554
2.541667,0.0001349892,0.000128714,0.000007442652,0.0002880266,0.000007276495,0.00004719578,0.00005629646,0.0001287005,0.0000990613,0.00009466652
2.55,0.0001346175,0.0001283771,0.000007451641,0.0002872407,0.000007286038,0.00004707208,0.00005614914,0.0001283635,0.00009878925,0.00009441879
2.558333,0.0001342478,0.0001280419,0.000007460607,0.0002864588,0.000007295556,0.00004694902,0.00005600258,0.0001280282,0.0000985186,0.00009417233
2.566667,0.0001338799,0.0001277085,0.000007469551,0.0002856809,0.000007305049,0.00004682659,0.00005585677,0.0001276947,0.00009824934,0.00009392715
2.575,0.0001335139,0.0001273767,0.000007478472,0.0002849071,0.000007314517,0.00004670478,0.0000557117,0.0001273629,0.00009798147,0.00009368321
2.583333,0.0001331498,0.0001270467,0.000007487371,0.0002841372,0.000007323959,0.0000465836,0.00005556738,0.0001270328,0.00009771498,0.00009344053
2.591667,0.0001327876,0.0001267183,0.000007496247,0.0002833712,0.000007333377,0.00004646304,0.00005542379,0.0001267043,0.00009744985,0.00009319907
2.6,0.0001324272,0.0001263916,0.000007505102,0.0002826091,0.00000734277,0.00004634308,0.00005528093,0.0001263776,0.00009718606,0.00009295884
2.608333,0.0001320687,0.0001260666,0.000007513934,0.0002818508,0.000007352137,0.00004622374,0.00005513879,0.0001260525,0.00009692363,0.00009271983
2.616667,0.000131712,0.0001257432,0.000007522744,0.0002810963,0.000007361481,0.00004610499,0.00005499737,0.000125729,0.00009666252,0.00009248202
2.625,0.0001313571,0.0001254214,0.000007531533,0.0002803457,0.0000073708,0.00004598686,0.00005485667,0.0001254072,0.00009640276,0.00009224543
2.633333,0.0001310042,0.0001251016,0.000007540299,0.0002796,0.000007380094,0.00004586942,0.00005471682,0.0001250872,0.0000961445,0.00009201025
2.641667,0.0001306532,0.0001247834,0.000007549044,0.0002788582,0.000007389363,0.0000457526,0.00005457768,0.000124769,0.00009588756,0.00009177628
2.65,0.000130304,0.0001244668,0.000007557767,0.0002781203,0.000007398609,0.00004563638,0.00005443926,0.0001244524,0.00009563195,0.00009154352
2.658333,0.0001299566,0.0001241519,0.000007566469,0.0002773862,0.000007407831,0.00004552076,0.00005430156,0.0001241374,0.00009537767,0.00009131197
2.666667,0.000129611,0.0001238386,0.00000757515,0.0002766559,0.000007417028,0.00004540573,0.00005416456,0.000123824,0.00009512469,0.0000910816
2.675,0.0001292671,0.000123527,0.000007583809,0.0002759295,0.000007426202,0.0000452913,0.00005402827,0.0001235123,0.00009487302,0.00009085242
2.683333,0.0001289251,0.0001232169,0.000007592447,0.0002752068,0.000007435352,0.00004517746,0.00005389269,0.0001232022,0.00009462265,0.00009062442
2.691667,0.0001285848,0.0001229084,0.000007601065,0.0002744878,0.000007444479,0.0000450642,0.0000537578,0.0001228936,0.00009437357,0.0000903976
2.7,0.0001282462,0.0001226015,0.000007609661,0.0002737726,0.000007453582,0.00004495153,0.0000536236,0.0001225867,0.00009412577,0.00009017194
2.708333,0.0001279094,0.0001222962,0.000007618237,0.000273061,0.000007462662,0.00004483943,0.00005349009,0.0001222813,0.00009387924,0.00008994743
2.716667,0.0001275743,0.0001219924,0.000007626792,0.0002723531,0.000007471719,0.00004472791,0.00005335726,0.0001219775,0.00009363399,0.00008972408
2.725,0.000127241,0.0001216902,0.000007635326,0.0002716488,0.000007480753,0.00004461695,0.00005322511,0.0001216752,0.00009338998,0.00008950186
2.733333,0.0001269093,0.0001213896,0.00000764384,0.0002709481,0.000007489764,0.00004450656,0.00005309364,0.0001213745,0.00009314722,0.00008928077
2.741667,0.0001265794,0.0001210904,0.000007652334,0.000270251,0.000007498752,0.00004439674,0.00005296283,0.0001210753,0.00009290571,0.00008906082
2.75,0.0001262511,0.0001207928,0.000007660808,0.0002695574,0.000007507718,0.00004428747,0.0000528327,0.0001207776,0.00009266544,0.00008884198
2.758333,0.0001259245,0.0001204967,0.00000766926,0.0002688674,0.000007516661,0.00004417876,0.00005270321,0.0001204814,0.00009242639,0.00008862425
2.766667,0.0001255996,0.0001202021,0.000007677694,0.0002681808,0.000007525582,0.00004407059,0.00005257439,0.0001201868,0.00009218855,0.00008840763
2.775,0.0001252763,0.000119909,0.000007686107,0.0002674977,0.00000753448,0.00004396298,0.00005244622,0.0001198936,0.00009195193,0.00008819209
2.783333,0.0001249547,0.0001196174,0.000007694501,0.000266818,0.000007543356,0.0000438559,0.00005231869,0.0001196019,0.00009171651,0.00008797765
2.791667,0.0001246347,0.0001193272,0.000007702874,0.0002661417,0.00000755221,0.00004374937,0.0000521918,0.0001193116,0.00009148227,0.00008776428
2.8,0.0001243163,0.0001190385,0.000007711229,0.0002654688,0.000007561042,0.00004364337,0.00005206555,0.0001190229,0.00009124923,0.00008755198
2.808333,0.0001239995,0.0001187512,0.000007719564,0.0002647992,0.000007569853,0.00004353789,0.00005193994,0.0001187355,0.00009101736,0.00008734075
2.816667,0.0001236844,0.0001184655,0.000007727878,0.0002641334,0.000007578641,0.00004343299,0.000051815,0.0001184498,0.00009078674,0.00008713065
2.825,0.000123371,0.0001181813,0.000007736175,0.0002634713,0.000007587408,0.00004332866,0.00005169073,0.0001181655,0.00009055733,0.00008692169
2.833333,0.0001230592,0.0001178986,0.000007744451,0.0002628125,0.000007596152,0.00004322485,0.00005156709,0.0001178827,0.00009032911,0.00008671379
2.841667,0.000122749,0.0001176173,0.000007752708,0.0002621572,0.000007604876,0.00004312158,0.00005144409,0.0001176014,0.00009010205,0.00008650695
2.85,0.0001224404,0.0001173374,0.000007760947,0.0002615052,0.000007613578,0.00004301883,0.00005132171,0.0001173215,0.00008987615,0.00008630117
2.858333,0.0001221334,0.000117059,0.000007769166,0.0002608566,0.000007622259,0.00004291661,0.00005119996,0.000117043,0.00008965141,0.00008609644
2.866667,0.0001218279,0.000116782,0.000007777367,0.0002602112,0.000007630919,0.00004281491,0.00005107883,0.0001167659,0.00008942782,0.00008589275
2.875,0.000121524,0.0001165064,0.000007785548,0.0002595692,0.000007639558,0.00004271373,0.00005095832,0.0001164902,0.00008920538,0.0000856901
2.883333,0.0001212217,0.0001162322,0.000007793711,0.0002589305,0.000007648176,0.00004261306,0.00005083841,0.000116216,0.00008898407,0.00008548848
2.891667,0.0001209209,0.0001159594,0.000007801856,0.000258295,0.000007656773,0.0000425129,0.00005071913,0.0001159431,0.0000887639,0.00008528788
2.9,0.0001206216,0.000115688,0.000007809982,0.0002576627,0.00000766535,0.00004241326,0.00005060044,0.0001156717,0.00008854485,0.00008508831
2.908333,0.0001203239,0.0001154179,0.00000781809,0.0002570337,0.000007673906,0.00004231412,0.00005048237,0.0001154016,0.00008832692,0.00008488975
2.916667,0.0001200277,0.0001151493,0.000007826179,0.0002564079,0.000007682441,0.00004221549,0.00005036489,0.0001151329,0.0000881101,0.00008469221
2.925,0.000119733,0.000114882,0.00000783425,0.0002557853,0.000007690956,0.00004211736,0.00005024801,0.0001148655,0.00008789439,0.00008449567
2.933333,0.0001194398,0.0001146161,0.000007842304,0.0002551659,0.000007699451,0.00004201973,0.00005013172,0.0001145995,0.00008767979,0.00008430013
2.941667,0.0001191481,0.0001143515,0.000007850338,0.0002545496,0.000007707926,0.00004192259,0.00005001602,0.0001143349,0.00008746627,0.00008410557
2.95,0.0001188579,0.0001140882,0.000007858355,0.0002539365,0.00000771638,0.00004182595,0.00004990092,0.0001140716,0.00008725385,0.00008391202
2.958333,0.0001185692,0.0001138263,0.000007866355,0.0002533265,0.000007724815,0.0000417298,0.00004978639,0.0001138097,0.00008704251,0.00008371944
2.966667,0.0001182819,0.0001135658,0.000007874337,0.0002527196,0.00000773323,0.00004163414,0.00004967246,0.0001135491,0.00008683225,0.00008352784
2.975,0.0001179961,0.0001133065,0.0000078823,0.0002521158,0.000007741625,0.00004153896,0.00004955909,0.0001132898,0.00008662307,0.00008333722
2.983333,0.0001177118,0.0001130486,0.000007890247,0.0002515151,0.00000775,0.00004144427,0.00004944631,0.0001130318,0.00008641495,0.00008314756
2.991667,0.0001174289,0.000112792,0.000007898176,0.0002509174,0.000007758356,0.00004135006,0.00004933409,0.0001127751,0.00008620789,0.00008295886
3,0.0001171475,0.0001125367,0.000007906087,0.0002503228,0.000007766693,0.00004125632,0.00004922245,0.0001125197,0.00008600189,0.00008277113
3.05,0.0001154889,0.0001110319,0.000007953196,0.0002468185,0.000007816308,0.00004070388,0.00004856443,0.0001110146,0.00008478783,0.00008166464
3.1,0.0001138805,0.0001095724,0.0000079997,0.0002434204,0.000007865246,0.00004016807,0.00004792624,0.0001095549,0.00008361049,0.00008059148
3.15,0.0001123208,0.000108157,0.000008045618,0.0002401254,0.000007913527,0.00003964844,0.00004730729,0.0001081392,0.00008246878,0.00007955067
3.2,0.0001108083,0.0001067842,0.000008090967,0.0002369306,0.000007961172,0.00003914448,0.00004670701,0.0001067661,0.00008136162,0.00007854126
3.25,0.0001093413,0.0001054527,0.000008135764,0.0002338321,0.000008008199,0.00003865566,0.00004612474,0.0001054343,0.00008028783,0.00007756214
3.3,0.0001079187,0.0001041611,0.000008180024,0.0002308274,0.000008054626,0.00003818152,0.00004555996,0.0001041425,0.00007924645,0.00007661244
3.35,0.0001065389,0.0001029083,0.000008223766,0.0002279134,0.000008100473,0.00003772162,0.00004501212,0.0001028894,0.00007823643,0.00007569121
3.4,0.0001052007,0.000101693,0.000008267002,0.0002250872,0.000008145754,0.00003727549,0.00004448069,0.0001016739,0.00007725679,0.00007479758
3.45,0.0001039027,0.0001005141,0.000008309748,0.0002223463,0.000008190488,0.00003684272,0.00004396516,0.0001004947,0.00007630661,0.00007393069
3.5,0.0001026435,0.00009937026,0.00000835202,0.0002196874,0.000008234691,0.00003642285,0.00004346499,0.0000993507,0.00007538489,0.00007308962
3.55,0.000101422,0.00009826037,0.00000839383,0.0002171075,0.000008278379,0.00003601544,0.00004297965,0.00009824061,0.00007449069,0.0000722735
3.6,0.000100237,0.00009718346,0.000008435193,0.0002146048,0.000008321567,0.00003562013,0.00004250873,0.00009716348,0.0000736232,0.00007148162
3.65,0.0000990874,0.00009613848,0.00000847612,0.0002121766,0.000008364269,0.00003523656,0.00004205177,0.0000961183,0.00007278161,0.00007071322
3.7,0.00009797197,0.00009512436,0.000008516627,0.0002098204,0.0000084065,0.00003486431,0.00004160831,0.00009510399,0.00007196503,0.00006996751
3.75,0.00009688964,0.00009414009,0.000008556724,0.0002075337,0.000008448275,0.00003450303,0.0000411779,0.00009411954,0.00007117269,0.00006924375
3.8,0.00009583945,0.00009318483,0.000008596423,0.0002053147,0.000008489606,0.0000341524,0.00004076017,0.0000931641,0.00007040385,0.00006854133
3.85,0.00009482038,0.00009225764,0.000008635736,0.0002031611,0.000008530506,0.00003381207,0.00004035472,0.00009223674,0.00006965779,0.00006785954
3.9,0.00009383148,0.0000913577,0.000008674673,0.0002010712,0.000008570986,0.00003348176,0.00003996118,0.00009133662,0.0000689338,0.00006719778
3.95,0.00009287184,0.00009048417,0.000008713248,0.000199043,0.000008611062,0.00003316114,0.0000395792,0.00009046293,0.00006823124,0.00006655545
4,0.00009194048,0.00008963617,0.000008751468,0.0001970742,0.000008650743,0.0000328499,0.00003920837,0.00008961478,0.00006754936,0.00006593189
4.05,0.00009103659,0.00008881296,0.000008789345,0.0001951634,0.000008690041,0.00003254776,0.00003884839,0.00008879142,0.00006688759,0.00006532657
4.1,0.00009015932,0.00008801381,0.000008826888,0.0001933088,0.000008728967,0.00003225446,0.00003849892,0.00008799213,0.00006624529,0.00006473892
4.15,0.00008930785,0.00008723796,0.000008864108,0.0001915086,0.000008767533,0.00003196971,0.00003815965,0.00008721614,0.00006562188,0.00006416842
4.2,0.00008848135,0.00008648466,0.000008901013,0.000189761,0.000008805747,0.00003169325,0.00003783023,0.00008646271,0.00006501675,0.00006361449
4.25,0.00008767905,0.00008575321,0.000008937612,0.0001880645,0.000008843621,0.00003142481,0.00003751037,0.00008573113,0.00006442932,0.00006307663
4.3,0.00008690019,0.00008504293,0.000008973913,0.0001864174,0.000008881165,0.00003116414,0.00003719976,0.00008502072,0.00006385904,0.00006255433
4.35,0.00008614404,0.00008435316,0.000009009927,0.0001848181,0.000008918386,0.00003091101,0.00003689813,0.00008433084,0.00006330538,0.00006204712
4.4,0.00008540991,0.00008368327,0.00000904566,0.0001832652,0.000008955296,0.00003066517,0.00003660519,0.00008366083,0.00006276783,0.00006155453
4.45,0.00008469707,0.00008303262,0.00000908112,0.0001817572,0.000008991903,0.0000304264,0.00003632065,0.00008301006,0.00006224588,0.00006107607
4.5,0.00008400485,0.00008240057,0.000009116316,0.0001802925,0.000009028215,0.00003019447,0.00003604426,0.00008237791,0.000061739,0.0000606113
4.55,0.00008333265,0.00008178659,0.000009151254,0.00017887,0.000009064241,0.00002996917,0.00003577577,0.00008176384,0.00006124678,0.00006015983
4.6,0.00008267983,0.00008119013,0.000009185942,0.0001774883,0.000009099988,0.0000297503,0.00003551493,0.00008116727,0.00006076874,0.00005972121
4.65,0.00008204579,0.0000806106,0.000009220386,0.0001761461,0.000009135466,0.00002953765,0.0000352615,0.00008058765,0.00006030444,0.00005929507
4.7,0.00008142993,0.00008004751,0.000009254595,0.0001748422,0.000009170681,0.00002933103,0.00003501525,0.00008002447,0.00005985345,0.000058881
4.75,0.00008083172,0.00007950034,0.000009288573,0.0001735754,0.000009205641,0.00002913026,0.00003477597,0.00007947721,0.00005941537,0.00005847864
4.8,0.00008025059,0.00007896861,0.000009322328,0.0001723446,0.000009240352,0.00002893516,0.00003454344,0.00007894538,0.00005898979,0.00005808763
4.85,0.00007968603,0.00007845184,0.000009355866,0.0001711487,0.000009274821,0.00002874556,0.00003431745,0.00007842854,0.00005857634,0.00005770763
4.9,0.00007913753,0.00007794957,0.000009389191,0.0001699866,0.000009309058,0.00002856128,0.00003409781,0.0000779262,0.00005817464,0.00005733829
4.95,0.00007860455,0.00007746132,0.000009422311,0.0001688571,0.000009343064,0.00002838214,0.00003388429,0.00007743787,0.00005778429,0.00005697925
5,0.00007808663,0.00007698667,0.000009455232,0.0001677593,0.000009376849,0.00002820801,0.00003367672,0.00007696315,0.00005740497,0.00005663022
5.05,0.00007758333,0.00007652523,0.000009487957,0.0001666923,0.00000941042,0.00002803871,0.00003347492,0.00007650163,0.00005703635,0.00005629089
5.1,0.00007709418,0.00007607658,0.000009520492,0.0001656551,0.000009443779,0.00002787412,0.00003327872,0.00007605291,0.00005667808,0.00005596097
5.15,0.00007661878,0.00007564036,0.000009552844,0.000164647,0.000009476936,0.0000277141,0.00003308795,0.00007561663,0.00005632988,0.00005564019
5.2,0.00007615671,0.00007521621,0.000009585016,0.0001636671,0.000009509892,0.0000275585,0.00003290246,0.00007519242,0.00005599143,0.00005532829
5.25,0.00007570747,0.00007480362,0.000009617014,0.000162714,0.000009542657,0.00002740715,0.00003272203,0.00007477977,0.00005566237,0.00005502488
5.3,0.0000752707,0.00007440228,0.000009648842,0.0001617871,0.000009575232,0.00002725994,0.00003254652,0.00007437838,0.00005534243,0.00005472976
5.35,0.00007484603,0.00007401189,0.000009680504,0.0001608857,0.000009607626,0.00002711674,0.00003237579,0.00007398794,0.00005503136,0.00005444268
5.4,0.0000744331,0.00007363212,0.000009712006,0.000160009,0.00000963984,0.00002697744,0.00003220971,0.00007360811,0.00005472887,0.00005416341
5.45,0.00007403157,0.00007326266,0.000009743349,0.0001591565,0.000009671882,0.00002684193,0.00003204813,0.00007323861,0.00005443472,0.00005389173
5.5,0.00007364108,0.00007290323,0.000009774541,0.0001583275,0.000009703755,0.0000267101,0.00003189094,0.00007287912,0.00005414867,0.00005362741
5.55,0.0000732613,0.00007255348,0.000009805584,0.000157521,0.000009735464,0.00002658183,0.00003173799,0.00007252932,0.00005387044,0.00005337021
5.6,0.00007289182,0.000072213,0.000009836482,0.0001567361,0.000009767013,0.00002645696,0.00003158909,0.00007218881,0.00005359975,0.00005311983
5.65,0.00007253238,0.00007188161,0.000009867238,0.0001559723,0.000009798406,0.00002633542,0.00003144416,0.00007185736,0.00005333641,0.00005287613
5.7,0.00007218266,0.00007155901,0.000009897857,0.000155229,0.000009829647,0.00002621712,0.00003130308,0.00007153474,0.00005308018,0.00005263891
5.75,0.00007184238,0.00007124497,0.000009928342,0.0001545057,0.000009860741,0.00002610196,0.00003116573,0.00007122065,0.00005283087,0.00005240797
5.8,0.00007151124,0.0000709392,0.000009958697,0.0001538018,0.000009891691,0.00002598984,0.00003103201,0.00007091485,0.00005258824,0.00005218311
5.85,0.00007118897,0.00007064148,0.000009988924,0.0001531166,0.000009922501,0.00002588066,0.0000309018,0.0000706171,0.00005235211,0.00005196417
5.9,0.00007087529,0.00007035151,0.00001001903,0.0001524495,0.000009953174,0.00002577434,0.00003077499,0.00007032709,0.00005212225,0.00005175093
5.95,0.00007056991,0.00007006907,0.00001004901,0.0001517999,0.000009983714,0.00002567078,0.00003065146,0.00007004462,0.00005189849,0.00005154323
6,0.0000702726,0.00006979391,0.00001007887,0.0001511673,0.00001001413,0.0000255699,0.00003053113,0.00006976943,0.00005168062,0.00005134088
6.05,0.0000699831,0.00006952583,0.00001010862,0.0001505512,0.00001004441,0.00002547162,0.00003041388,0.00006950133,0.00005146847,0.00005114374
6.1,0.00006970116,0.0000692646,0.00001013826,0.0001499511,0.00001007457,0.00002537585,0.00003029963,0.00006924007,0.00005126185,0.00005095163
6.15,0.00006942655,0.00006901,0.00001016779,0.0001493664,0.00001010461,0.00002528252,0.00003018828,0.00006898544,0.0000510606,0.0000507644
6.2,0.00006915905,0.00006876182,0.00001019721,0.0001487966,0.00001013453,0.00002519154,0.00003007974,0.00006873724,0.00005086454,0.00005058189
6.25,0.00006889846,0.00006851993,0.00001022652,0.0001482415,0.00001016434,0.00002510287,0.00002997395,0.00006849533,0.00005067355,0.000050404
6.3,0.00006864456,0.00006828407,0.00001025574,0.0001477004,0.00001019404,0.00002501642,0.0000298708,0.00006825945,0.00005048746,0.00005023055
6.35,0.00006839713,0.00006805408,0.00001028485,0.000147173,0.00001022363,0.00002493212,0.00002977021,0.00006802944,0.00005030609,0.00005006142
6.4,0.00006815598,0.00006782977,0.00001031387,0.0001466588,0.00001025311,0.00002484991,0.0000296721,0.00006780511,0.00005012933,0.00004989646
6.45,0.0000679209,0.00006761096,0.00001034279,0.0001461574,0.00001028249,0.00002476972,0.00002957641,0.00006758629,0.00004995701,0.00004973554
6.5,0.00006769172,0.00006739749,0.00001037162,0.0001456683,0.00001031177,0.00002469148,0.00002948304,0.0000673728,0.00004978901,0.00004957855
6.55,0.00006746826,0.0000671892,0.00001040036,0.0001451913,0.00001034095,0.00002461515,0.00002939194,0.00006716449,0.00004962519,0.00004942537
6.6,0.00006725036,0.00006698595,0.00001042902,0.0001447261,0.00001037003,0.00002454067,0.00002930304,0.00006696123,0.00004946545,0.0000492759
6.65,0.00006703784,0.00006678757,0.00001045758,0.0001442721,0.00001039902,0.00002446798,0.00002921628,0.00006676283,0.00004930964,0.00004913001
6.7,0.00006683054,0.00006659392,0.00001048606,0.0001438292,0.00001042792,0.00002439702,0.00002913158,0.00006656918,0.00004915765,0.0000489876
6.75,0.0000666283,0.00006640486,0.00001051446,0.0001433969,0.00001045673,0.00002432775,0.0000290489,0.0000663801,0.00004900936,0.00004884856
6.8,0.00006643097,0.00006622026,0.00001054278,0.000142975,0.00001048545,0.00002426012,0.00002896815,0.00006619548,0.00004886467,0.00004871279
6.85,0.0000662384,0.00006603997,0.00001057102,0.0001425631,0.00001051408,0.00002419407,0.0000288893,0.00006601519,0.00004872346,0.0000485802
6.9,0.00006605044,0.00006586386,0.00001059918,0.000142161,0.00001054263,0.00002412955,0.00002881227,0.00006583907,0.00004858564,0.00004845069
6.95,0.00006586697,0.00006569182,0.00001062727,0.0001417683,0.0000105711,0.00002406653,0.00002873702,0.00006566702,0.00004845109,0.00004832417
7,0.00006568785,0.00006552372,0.00001065528,0.0001413848,0.00001059948,0.00002400496,0.0000286635,0.00006549892,0.00004831973,0.00004820054
7.05,0.00006551294,0.00006535946,0.00001068322,0.0001410102,0.00001062779,0.00002394479,0.00002859165,0.00006533465,0.00004819145,0.00004807973
7.1,0.00006534212,0.0000651989,0.00001071109,0.0001406442,0.00001065602,0.00002388599,0.00002852143,0.00006517409,0.00004806616,0.00004796165
7.15,0.00006517526,0.00006504195,0.00001073889,0.0001402866,0.00001068418,0.00002382851,0.00002845278,0.00006501714,0.00004794378,0.00004784623
7.2,0.00006501226,0.0000648885,0.00001076662,0.0001399372,0.00001071226,0.00002377231,0.00002838566,0.00006486368,0.00004782421,0.00004773337
7.25,0.00006485299,0.00006473844,0.00001079429,0.0001395956,0.00001074028,0.00002371736,0.00002832002,0.00006471362,0.00004770738,0.00004762301
7.3,0.00006469734,0.00006459167,0.00001082189,0.0001392617,0.00001076822,0.00002366362,0.00002825582,0.00006456684,0.00004759321,0.00004751507
7.35,0.0000645452,0.0000644481,0.00001084943,0.0001389353,0.00001079609,0.00002361104,0.00002819302,0.00006442326,0.0000474816,0.00004740947
7.4,0.00006439647,0.00006430761,0.0000108769,0.000138616,0.00001082389,0.00002355961,0.00002813158,0.00006428278,0.00004737248,0.00004730615
7.45,0.00006425103,0.00006417013,0.00001090432,0.0001383037,0.00001085163,0.00002350928,0.00002807144,0.00006414529,0.00004726578,0.00004720504
7.5,0.0000641088,0.00006403556,0.00001093167,0.0001379981,0.00001087931,0.00002346001,0.00002801258,0.00006401072,0.00004716141,0.00004710607
7.55,0.00006396968,0.00006390382,0.00001095897,0.0001376992,0.00001090692,0.00002341179,0.00002795495,0.00006387899,0.00004705934,0.00004700918
7.6,0.00006383358,0.00006377483,0.0000109862,0.0001374066,0.00001093447,0.00002336457,0.00002789853,0.00006375,0.00004695947,0.00004691431
7.65,0.00006370041,0.00006364851,0.00001101339,0.0001371202,0.00001096195,0.00002331833,0.00002784327,0.00006362367,0.00004686175,0.00004682141
7.7,0.00006357008,0.00006352477,0.00001104051,0.0001368399,0.00001098938,0.00002327305,0.00002778915,0.00006349993,0.0000467661,0.00004673039
7.75,0.00006344249,0.00006340353,0.00001106758,0.0001365653,0.00001101675,0.00002322868,0.00002773611,0.0000633787,0.00004667247,0.00004664123
7.8,0.00006331758,0.00006328471,0.0000110946,0.0001362963,0.00001104406,0.0000231852,0.00002768414,0.00006325988,0.00004658079,0.00004655384
7.85,0.00006319525,0.00006316826,0.00001112156,0.0001360328,0.00001107132,0.00002314258,0.0000276332,0.00006314343,0.00004649101,0.00004646819
7.9,0.00006307545,0.00006305411,0.00001114848,0.0001357747,0.00001109852,0.00002310081,0.00002758327,0.00006302929,0.00004640307,0.00004638423
7.95,0.0000629581,0.00006294218,0.00001117534,0.0001355217,0.00001112567,0.00002305986,0.00002753431,0.00006291737,0.00004631693,0.00004630191
8,0.00006284311,0.00006283242,0.00001120215,0.0001352737,0.00001115276,0.00002301971,0.00002748629,0.0000628076,0.00004623252,0.00004622118
8.05,0.00006273043,0.00006272476,0.00001122892,0.0001350306,0.0000111798,0.00002298032,0.00002743919,0.00006269994,0.00004614979,0.00004614199
8.1,0.00006261998,0.00006261912,0.00001125564,0.0001347923,0.00001120679,0.00002294168,0.00002739299,0.00006259431,0.0000460687,0.0000460643
8.15,0.00006251169,0.00006251547,0.0000112823,0.0001345584,0.00001123373,0.00002290376,0.00002734764,0.00006249067,0.0000459892,0.00004598806
8.2,0.00006240551,0.00006241374,0.00001130893,0.0001343291,0.00001126062,0.00002286655,0.00002730314,0.00006238894,0.00004591124,0.00004591324
8.25,0.00006230138,0.00006231388,0.00001133551,0.0001341041,0.00001128746,0.00002283003,0.00002725946,0.00006228909,0.00004583478,0.00004583979
8.3,0.00006219924,0.00006221583,0.00001136204,0.0001338833,0.00001131425,0.00002279417,0.00002721657,0.00006219104,0.00004575977,0.00004576768
8.35,0.00006209902,0.00006211955,0.00001138853,0.0001336665,0.000011341,0.00002275896,0.00002717445,0.00006209477,0.00004568618,0.00004569686
8.4,0.00006200068,0.00006202498,0.00001141497,0.0001334538,0.0000113677,0.00002272439,0.00002713308,0.00006200021,0.00004561396,0.0000456273
8.45,0.00006190416,0.00006193208,0.00001144137,0.0001332449,0.00001139436,0.00002269042,0.00002709243,0.00006190731,0.00004554307,0.00004555897
8.5,0.00006180941,0.00006184079,0.00001146773,0.0001330397,0.00001142097,0.00002265704,0.0000270525,0.00006181603,0.00004547348,0.00004549183
8.55,0.00006171638,0.00006175107,0.00001149405,0.0001328382,0.00001144753,0.00002262424,0.00002701325,0.00006172632,0.00004540514,0.00004542584
8.6,0.00006162502,0.00006166289,0.00001152033,0.0001326402,0.00001147405,0.000022592,0.00002697467,0.00006163814,0.00004533803,0.00004536097
8.65,0.00006153528,0.00006157618,0.00001154657,0.0001324456,0.00001150053,0.00002256031,0.00002693674,0.00006155144,0.00004527211,0.0000452972
8.7,0.00006144711,0.00006149092,0.00001157277,0.0001322544,0.00001152697,0.00002252915,0.00002689944,0.00006146619,0.00004520734,0.00004523448
8.75,0.00006136048,0.00006140707,0.00001159893,0.0001320664,0.00001155337,0.0000224985,0.00002686276,0.00006138234,0.00004514369,0.0000451728
8.8,0.00006127534,0.00006132457,0.00001162505,0.0001318816,0.00001157972,0.00002246835,0.00002682667,0.00006129986,0.00004508114,0.00004511213
8.85,0.00006119164,0.00006124341,0.00001165113,0.0001316998,0.00001160604,0.00002243869,0.00002679116,0.00006121871,0.00004501964,0.00004505242
8.9,0.00006110934,0.00006116353,0.00001167718,0.0001315211,0.00001163232,0.0000224095,0.00002675621,0.00006113884,0.00004495917,0.00004499367
8.95,0.00006102842,0.00006108492,0.00001170318,0.0001313452,0.00001165856,0.00002238078,0.00002672182,0.00006106023,0.0000448997,0.00004493584
9,0.00006094882,0.00006100751,0.00001172916,0.0001311722,0.00001168476,0.0000223525,0.00002668796,0.00006098284,0.00004484121,0.00004487891
9.05,0.0000608705,0.0000609313,0.00001175509,0.000131002,0.00001171092,0.00002232466,0.00002665461,0.00006090664,0.00004478365,0.00004482286
9.1,0.00006079344,0.00006085625,0.000011781,0.0001308344,0.00001173704,0.00002229724,0.00002662178,0.00006083159,0.00004472702,0.00004476765
9.15,0.00006071763,0.00006078232,0.00001180686,0.0001306693,0.00001176313,0.00002227023,0.00002658943,0.00006075767,0.00004467129,0.00004471327
9.2,0.000060643,0.00006070949,0.0000118327,0.0001305068,0.00001178918,0.00002224363,0.00002655757,0.00006068485,0.00004461644,0.00004465969
9.25,0.00006056953,0.00006063772,0.00001185849,0.0001303468,0.0000118152,0.00002221742,0.00002652617,0.00006061309,0.00004456244,0.0000446069
9.3,0.00006049718,0.00006056698,0.00001188426,0.0001301891,0.00001184118,0.00002219159,0.00002649522,0.00006054237,0.00004450925,0.00004455487
9.35,0.00006042593,0.00006049726,0.00001190999,0.0001300337,0.00001186712,0.00002216612,0.00002646472,0.00006047265,0.00004445687,0.00004450358
9.4,0.00006035573,0.00006042851,0.00001193569,0.0001298806,0.00001189303,0.00002214102,0.00002643464,0.00006040392,0.00004440526,0.00004445301
9.45,0.00006028656,0.00006036071,0.00001196136,0.0001297298,0.00001191891,0.00002211626,0.00002640498,0.00006033613,0.00004435441,0.00004440314
9.5,0.00006021839,0.00006029384,0.00001198699,0.000129581,0.00001194475,0.00002209185,0.00002637572,0.00006026927,0.00004430429,0.00004435395
9.55,0.00006015119,0.00006022787,0.00001201259,0.0001294344,0.00001197057,0.00002206776,0.00002634685,0.0000602033,0.00004425488,0.00004430542
9.6,0.00006008493,0.00006016276,0.00001203817,0.0001292898,0.00001199634,0.000022044,0.00002631837,0.00006013821,0.00004420615,0.00004425753
9.65,0.00006001958,0.0000600985,0.00001206371,0.0001291471,0.00001202209,0.00002202054,0.00002629025,0.00006007397,0.0000441581,0.00004421026
9.7,0.00005995515,0.0000600351,0.00001208922,0.0001290064,0.00001204781,0.0000219974,0.00002626251,0.00006001057,0.00004411071,0.00004416362
9.75,0.00005989162,0.00005997252,0.0000121147,0.0001288675,0.00001207349,0.00002197456,0.00002623513,0.000059948,0.000044064,0.00004411759
9.8,0.00005982896,0.00005991073,0.00001214015,0.0001287305,0.00001209914,0.00002195201,0.0000262081,0.00005988622,0.00004401791,0.00004407214
9.85,0.00005976711,0.00005984971,0.00001216557,0.0001285952,0.00001212476,0.00002192974,0.0000261814,0.00005982522,0.00004397242,0.00004402725
9.9,0.00005970608,0.00005978944,0.00001219097,0.0001284617,0.00001215035,0.00002190775,0.00002615503,0.00005976496,0.00004392753,0.00004398292
9.95,0.00005964583,0.0000597299,0.00001221633,0.0001283298,0.00001217591,0.00002188602,0.00002612898,0.00005970543,0.00004388321,0.00004393912
10,0.00005958633,0.00005967107,0.00001224166,0.0001281996,0.00001220144,0.00002186455,0.00002610323,0.00005964661,0.00004383945,0.00004389583
10.05,0.00005952758,0.00005961292,0.00001226697,0.000128071,0.00001222695,0.00002184334,0.00002607779,0.00005958847,0.00004379622,0.00004385306
10.1,0.00005946954,0.00005955543,0.00001229225,0.0001279439,0.00001225242,0.00002182237,0.00002605264,0.000059531,0.00004375352,0.00004381077
10.15,0.00005941219,0.0000594986,0.00001231751,0.0001278182,0.00001227786,0.00002180164,0.00002602777,0.00005947418,0.00004371133,0.00004376896
10.2,0.00005935551,0.00005944239,0.00001234273,0.0001276941,0.00001230328,0.00002178113,0.00002600318,0.00005941798,0.00004366963,0.00004372762
10.25,0.00005929948,0.00005938679,0.00001236793,0.0001275713,0.00001232867,0.00002176085,0.00002597885,0.00005936239,0.00004362841,0.00004368671
10.3,0.00005924415,0.00005933184,0.0000123931,0.0001274501,0.00001235403,0.00002174081,0.0000259548,0.00005930745,0.0000435877,0.00004364629
10.35,0.00005918947,0.00005927748,0.00001241824,0.0001273301,0.00001237936,0.00002172099,0.00002593102,0.00005925311,0.00004354746,0.00004360631
10.4,0.0000591354,0.00005922371,0.00001244336,0.0001272115,0.00001240467,0.00002170138,0.00002590749,0.00005919935,0.00004350768,0.00004356675
10.45,0.00005908194,0.00005917051,0.00001246845,0.0001270942,0.00001242994,0.00002168198,0.00002588421,0.00005914616,0.00004346834,0.00004352761
10.5,0.00005902907,0.00005911785,0.00001249352,0.0001269782,0.00001245519,0.00002166278,0.00002586117,0.00005909351,0.00004342943,0.00004348887
10.55,0.00005897676,0.00005906572,0.00001251856,0.0001268633,0.00001248042,0.00002164377,0.00002583836,0.00005904139,0.00004339093,0.00004345052
10.6,0.00005892501,0.00005901411,0.00001254358,0.0001267497,0.00001250562,0.00002162496,0.00002581578,0.0000589898,0.00004335285,0.00004341256
10.65,0.0000588738,0.00005896301,0.00001256857,0.0001266372,0.00001253079,0.00002160633,0.00002579342,0.00005893872,0.00004331516,0.00004337497
10.7,0.00005882312,0.00005891241,0.00001259353,0.0001265259,0.00001255594,0.00002158788,0.00002577127,0.00005888812,0.00004327785,0.00004333774
10.75,0.00005877294,0.00005886228,0.00001261847,0.0001264156,0.00001258106,0.00002156961,0.00002574934,0.00005883801,0.00004324092,0.00004330086
10.8,0.00005872326,0.00005881262,0.00001264339,0.0001263064,0.00001260615,0.0000215515,0.00002572761,0.00005878836,0.00004320435,0.00004326433
10.85,0.00005867407,0.00005876342,0.00001266828,0.0001261982,0.00001263123,0.00002153357,0.00002570608,0.00005873917,0.00004316814,0.00004322813
10.9,0.0000586254,0.0000587147,0.00001269315,0.0001260912,0.00001265627,0.00002151581,0.00002568476,0.00005869046,0.00004313231,0.00004319229
10.95,0.00005857719,0.00005866642,0.00001271799,0.0001259851,0.00001268129,0.00002149822,0.00002566364,0.0000586422,0.00004309682,0.00004315678
11,0.00005852945,0.00005861859,0.00001274281,0.0001258801,0.00001270629,0.00002148079,0.0000256427,0.00005859438,0.00004306168,0.00004312159
11.05,0.00005848215,0.00005857117,0.00001276761,0.000125776,0.00001273126,0.00002146351,0.00002562196,0.00005854698,0.00004302686,0.00004308671
11.1,0.0000584353,0.00005852417,0.00001279238,0.0001256728,0.00001275621,0.00002144638,0.00002560139,0.00005849999,0.00004299236,0.00004305213
11.15,0.00005838888,0.00005847758,0.00001281713,0.0001255706,0.00001278113,0.00002142941,0.000025581,0.00005845341,0.00004295819,0.00004301786
11.2,0.00005834287,0.00005843139,0.00001284186,0.0001254693,0.00001280603,0.00002141258,0.00002556079,0.00005840723,0.00004292432,0.00004298387
11.25,0.00005829728,0.00005838558,0.00001286656,0.0001253689,0.00001283091,0.00002139589,0.00002554074,0.00005836143,0.00004289074,0.00004295017
11.3,0.00005825209,0.00005834015,0.00001289124,0.0001252693,0.00001285576,0.00002137934,0.00002552086,0.00005831602,0.00004285747,0.00004291675
11.35,0.00005820729,0.0000582951,0.0000129159,0.0001251705,0.00001288059,0.00002136292,0.00002550115,0.00005827098,0.00004282448,0.00004288361
11.4,0.00005816287,0.00005825041,0.00001294054,0.0001250726,0.0000129054,0.00002134665,0.00002548159,0.0000582263,0.00004279178,0.00004285073
11.45,0.00005811884,0.00005820608,0.00001296515,0.0001249755,0.00001293019,0.0000213305,0.00002546219,0.00005818198,0.00004275935,0.00004281812
11.5,0.00005807518,0.00005816211,0.00001298974,0.0001248792,0.00001295495,0.00002131448,0.00002544295,0.00005813802,0.0000427272,0.00004278577
11.55,0.00005803188,0.00005811848,0.00001301431,0.0001247837,0.00001297969,0.00002129859,0.00002542386,0.00005809441,0.00004269532,0.00004275367
11.6,0.00005798894,0.00005807519,0.00001303886,0.0001246889,0.0000130044,0.00002128283,0.00002540492,0.00005805114,0.00004266369,0.00004272183
11.65,0.00005794635,0.00005803224,0.00001306339,0.000124595,0.0000130291,0.00002126718,0.00002538612,0.00005800819,0.00004263232,0.00004269022
11.7,0.0000579041,0.00005798961,0.00001308789,0.0001245017,0.00001305377,0.00002125166,0.00002536747,0.00005796558,0.00004260121,0.00004265886
11.75,0.00005786218,0.0000579473,0.00001311237,0.0001244092,0.00001307842,0.00002123625,0.00002534895,0.00005792328,0.00004257034,0.00004262774
11.8,0.00005782059,0.0000579053,0.00001313684,0.0001243173,0.00001310305,0.00002122096,0.00002533057,0.0000578813,0.0000425397,0.00004259684
11.85,0.00005777933,0.00005786362,0.00001316128,0.0001242262,0.00001312765,0.00002120578,0.00002531233,0.00005783962,0.00004250931,0.00004256617
11.9,0.00005773837,0.00005782223,0.0000131857,0.0001241358,0.00001315224,0.00002119071,0.00002529422,0.00005779825,0.00004247915,0.00004253572
11.95,0.00005769773,0.00005778114,0.00001321009,0.000124046,0.0000131768,0.00002117575,0.00002527624,0.00005775718,0.00004244921,0.0000425055
12,0.00005765739,0.00005774035,0.00001323447,0.0001239569,0.00001320134,0.0000211609,0.00002525839,0.00005771639,0.0000424195,0.00004247548