ligand_id,logD7.4_est,TPSA,E_dock
emap_Bn_Me,2.237,73.02,-5.638
emap_Bn_Et,2.72,73.02,-5.47
emap_Bn_CH2F,2.627,73.02,-5.548
emap_Bn_CH2CH2F,2.67,73.02,-5.354
emap_Bn-4F_Me,2.376,73.02,-5.763
emap_Bn-4F_Et,2.859,73.02,-5.337
emap_Bn-4F_CH2F,2.766,73.02,-6.373
emap_Bn-4F_CH2CH2F,2.809,73.02,-5.437
emap_Bn-4CF3_Me,3.256,73.02,-5.947
emap_Bn-4CF3_Et,3.739,73.02,-5.725
emap_Bn-4CF3_CH2F,3.646,73.02,-5.378
emap_Bn-4CF3_CH2CH2F,3.689,73.02,-5.978
emap_Bn-4OCF3_Me,3.059,82.25,-6.552
emap_Bn-4OCF3_Et,3.542,82.25,-6.384
emap_Bn-4OCF3_CH2F,3.449,82.25,-6.179
emap_Bn-4OCF3_CH2CH2F,3.491,82.25,-6.326
emap_Bn-4OMe_Me,2.169,82.25,-6.225
emap_Bn-4OMe_Et,2.652,82.25,-5.479
emap_Bn-4OMe_CH2F,2.559,82.25,-5.956
emap_Bn-4OMe_CH2CH2F,2.601,82.25,-5.315
emap_Bn-4OCHF2_Me,2.762,82.25,-6.544
emap_Bn-4OCHF2_Et,3.245,82.25,-6.189
emap_Bn-4OCHF2_CH2F,3.152,82.25,-6.071
emap_Bn-4OCHF2_CH2CH2F,3.194,82.25,-6.289
emap_Bn-4CN_Me,1.911,96.81,-5.387
emap_Bn-4CN_Et,2.394,96.81,-5.546
emap_Bn-4CN_CH2F,2.301,96.81,-2.474
emap_Bn-4CN_CH2CH2F,2.343,96.81,-5.37
emap2_Bn_Me,2.237,73.02,-5.22
emap2_Bn_Et,2.72,73.02,-5.465
emap2_Bn_iPr,3.281,73.02,-5.627
emap2_Bn_cPr,3.035,73.02,-5.457
emap2_Bn_CH2F,2.627,73.02,-5.421
emap2_Bn_CHF2,3.095,73.02,-1.471
emap2_Bn_CH2CH2F,2.67,73.02,-5.268
emap2_Bn_CH2CF3,3.263,73.02,-6.664
emap2_Bn-4F_Me,2.376,73.02,-6.52
emap2_Bn-4F_Et,2.859,73.02,-5.466
emap2_Bn-4F_iPr,3.42,73.02,-5.632
emap2_Bn-4F_cPr,3.174,73.02,-6.338
emap2_Bn-4F_CH2F,2.766,73.02,-5.706
emap2_Bn-4F_CHF2,3.234,73.02,-5.732
emap2_Bn-4F_CH2CH2F,2.809,73.02,-5.573
emap2_Bn-4F_CH2CF3,3.402,73.02,-5.761
"emap2_Bn-3,5diF_Me",2.515,73.02,-6.045
"emap2_Bn-3,5diF_Et",2.998,73.02,-5.654
"emap2_Bn-3,5diF_iPr",3.559,73.02,-6.22
"emap2_Bn-3,5diF_cPr",3.313,73.02,-6.251
"emap2_Bn-3,5diF_CH2F",2.905,73.02,-5.941
"emap2_Bn-3,5diF_CHF2",3.374,73.02,-5.883
"emap2_Bn-3,5diF_CH2CH2F",2.948,73.02,-6.656
"emap2_Bn-3,5diF_CH2CF3",3.541,73.02,-7.028
"emap2_Bn-3,4diF_Me",2.515,73.02,-6.517
"emap2_Bn-3,4diF_Et",2.998,73.02,-6.336
"emap2_Bn-3,4diF_iPr",3.559,73.02,-6.406
"emap2_Bn-3,4diF_cPr",3.313,73.02,-6.188
"emap2_Bn-3,4diF_CH2F",2.905,73.02,-6.058
"emap2_Bn-3,4diF_CHF2",3.374,73.02,-6.533
"emap2_Bn-3,4diF_CH2CH2F",2.948,73.02,-5.535
"emap2_Bn-3,4diF_CH2CF3",3.541,73.02,-6.932
emap2_Bn-4Cl_Me,2.891,73.02,-5.747
emap2_Bn-4Cl_Et,3.374,73.02,-5.646
emap2_Bn-4Cl_iPr,3.935,73.02,-5.7
emap2_Bn-4Cl_cPr,3.689,73.02,-5.577
emap2_Bn-4Cl_CH2F,3.281,73.02,-5.479
emap2_Bn-4Cl_CHF2,3.749,73.02,-5.342
emap2_Bn-4Cl_CH2CH2F,3.323,73.02,-5.462
emap2_Bn-4Cl_CH2CF3,3.916,73.02,-5.795
"emap2_Bn-3,4diCl_Me",3.544,73.02,-6.608
"emap2_Bn-3,4diCl_Et",4.027,73.02,-5.435
"emap2_Bn-3,4diCl_iPr",4.588,73.02,-5.654
"emap2_Bn-3,4diCl_cPr",4.342,73.02,-6.357
"emap2_Bn-3,4diCl_CH2F",3.934,73.02,-6.334
"emap2_Bn-3,4diCl_CHF2",4.402,73.02,-5.641
"emap2_Bn-3,4diCl_CH2CH2F",3.977,73.02,-6.136
"emap2_Bn-3,4diCl_CH2CF3",4.569,73.02,-6.688
emap2_Bn-4Br_Me,3,73.02,-5.772
emap2_Bn-4Br_Et,3.483,73.02,-5.623
emap2_Bn-4Br_iPr,4.044,73.02,-5.592
emap2_Bn-4Br_cPr,3.798,73.02,-5.574
emap2_Bn-4Br_CH2F,3.39,73.02,-5.307
emap2_Bn-4Br_CHF2,3.858,73.02,-5.558
emap2_Bn-4Br_CH2CH2F,3.432,73.02,-5.375
emap2_Bn-4Br_CH2CF3,4.025,73.02,-6.74
emap2_Bn-4CF3_Me,3.256,73.02,-6.194
emap2_Bn-4CF3_Et,3.739,73.02,-5.959
emap2_Bn-4CF3_iPr,4.3,73.02,-6.947
emap2_Bn-4CF3_cPr,4.054,73.02,-5.305
emap2_Bn-4CF3_CH2F,3.646,73.02,-6.924
emap2_Bn-4CF3_CHF2,4.114,73.02,-6.127
emap2_Bn-4CF3_CH2CH2F,3.689,73.02,-5.586
emap2_Bn-4CF3_CH2CF3,4.281,73.02,-6.147
emap2_Bn-4OCF3_Me,3.059,82.25,-6.662
emap2_Bn-4OCF3_Et,3.542,82.25,-6.444
emap2_Bn-4OCF3_iPr,4.103,82.25,-6.629
emap2_Bn-4OCF3_cPr,3.857,82.25,-5.883
emap2_Bn-4OCF3_CH2F,3.449,82.25,-6.465
emap2_Bn-4OCF3_CHF2,3.917,82.25,-6.001
emap2_Bn-4OCF3_CH2CH2F,3.491,82.25,-6.431
emap2_Bn-4OCF3_CH2CF3,4.084,82.25,-6.657
emap2_Bn-4OCHF2_Me,2.762,82.25,-6.285
emap2_Bn-4OCHF2_Et,3.245,82.25,-6.129
emap2_Bn-4OCHF2_iPr,3.806,82.25,-5.045
emap2_Bn-4OCHF2_cPr,3.56,82.25,-5.55
emap2_Bn-4OCHF2_CH2F,3.152,82.25,-6.163
emap2_Bn-4OCHF2_CHF2,3.62,82.25,-5.082
emap2_Bn-4OCHF2_CH2CH2F,3.194,82.25,-6.261
emap2_Bn-4OCHF2_CH2CF3,3.787,82.25,-6.556
emap2_Bn-4OMe_Me,2.169,82.25,-6.076
emap2_Bn-4OMe_Et,2.652,82.25,-5.393
emap2_Bn-4OMe_iPr,3.213,82.25,-6.338
emap2_Bn-4OMe_cPr,2.967,82.25,-5.585
emap2_Bn-4OMe_CH2F,2.559,82.25,-5.387
emap2_Bn-4OMe_CHF2,3.027,82.25,-5.736
emap2_Bn-4OMe_CH2CH2F,2.601,82.25,-5.295
emap2_Bn-4OMe_CH2CF3,3.194,82.25,-6.577
emap2_Bn-4iPr_Me,3.361,73.02,-5.899
emap2_Bn-4iPr_Et,3.844,73.02,-5.69
emap2_Bn-4iPr_iPr,4.405,73.02,-5.739
emap2_Bn-4iPr_cPr,4.159,73.02,-6.687
emap2_Bn-4iPr_CH2F,3.751,73.02,-4.966
emap2_Bn-4iPr_CHF2,4.219,73.02,-5.556
emap2_Bn-4iPr_CH2CH2F,3.793,73.02,-5.451
emap2_Bn-4iPr_CH2CF3,4.386,73.02,-5.792
emap2_Bn-4CF2H_Me,3.175,73.02,-5.196
emap2_Bn-4CF2H_Et,3.658,73.02,-5.576
emap2_Bn-4CF2H_iPr,4.219,73.02,-5.865
emap2_Bn-4CF2H_cPr,3.973,73.02,-5.9
emap2_Bn-4CF2H_CH2F,3.565,73.02,-6.289
emap2_Bn-4CF2H_CHF2,4.033,73.02,-6.358
emap2_Bn-4CF2H_CH2CH2F,3.607,73.02,-5.67
emap2_Bn-4CF2H_CH2CF3,4.2,73.02,-6.828
emap2_Bn-4SF5_Me,4.895,73.02,-5.719
emap2_Bn-4SF5_Et,5.378,73.02,-5.62
emap2_Bn-4SF5_iPr,5.939,73.02,-6.693
emap2_Bn-4SF5_cPr,5.693,73.02,-5.72
emap2_Bn-4SF5_CH2F,5.285,73.02,-5.726
emap2_Bn-4SF5_CHF2,5.753,73.02,-6.901
emap2_Bn-4SF5_CH2CH2F,5.327,73.02,-6.565
emap2_Bn-4SF5_CH2CF3,5.92,73.02,-7.046
emap3_Bn_Me,2.237,73.02,-6.307
emap3_Bn_Et,2.72,73.02,-4.91
emap3_Bn_nPr,3.11,73.02,-5.994
emap3_Bn_nBu,3.5,73.02,-5.989
emap3_Bn_CH2F,2.627,73.02,-4.876
emap3_Bn_CH2CH2F,2.67,73.02,-6.005
emap3_Bn_CH2CH2CH2F,3.06,73.02,-5.943
emap3_Bn_CH2CHF2,3.095,73.02,-6.184
emap3_Bn_CH2CH2CHF2,2.965,73.02,-6.306
emap3_Bn_CH2CH2CH2CHF2,3.355,73.02,-5.986
emap3_Bn_CH2CF3,3.177,73.02,-4.945
emap3_Bn_CH2CH2CF3,3.263,73.02,-6.139
emap3_Bn_CH2CH2CH2CF3,3.653,73.02,-6.333
emap3_Bn_OCH2F,2.482,82.25,-5.849
emap3_Bn_OCH2CHF2,2.82,82.25,-5.961
emap3_Bn_OCH2CF3,3.117,82.25,-6.627
emap3_Bn_OCH2CH2F,2.524,82.25,-5.901
emap3_Bn_OCH2CH2CF3,3.16,82.25,-5.756
emap3_Bn_OCH2CH2CHF2,2.862,82.25,-6.003
emap3_Bn_OCH2CH2CH2F,2.567,82.25,-6.128
emap3_Bn_OCH2CH2CH2CF3,3.55,82.25,-6.02
emap3_Bn_CH2SiMe3,3.578,73.02,-6.23
emap3_Bn_CH2CH2SiMe3,4.038,73.02,-6.292
emap3_Bn_OSiMe3,2.887,82.25,-6.101
emap3_Bn_CH2SiEt3,4.748,73.02,-5.706
emap3_Bn_tBu,3.455,73.02,-6.194
emap3_Bn_BnCH2,4.057,73.02,-6.999
emap3_Bn_PhCH2F,4.159,73.02,-6.49
emap3_Bn_OCH2CF2H,2.82,82.25,-6.091
emap3_Bn_OCH2CH2CF2H,2.862,82.25,-6.21
emap3_Bn_CH2CF2H,3.095,73.02,-5.978
emap3_Bn_CH2CH2CF2H,2.965,73.02,-6.315
emap3_Bn_OCH2CH2CH2CHF2,3.253,82.25,-5.73
emap3_Bn_CH2CH2CF2CF3,3.601,73.02,-6.637
emap3_Bn_CH2CF2CF3,3.731,73.02,-6.633
emap3_Bn_CH2CH2CH2CF2CF3,3.991,73.02,-5.544
emap3_Bn_CH2CH2CF2CH3,3.058,73.02,-6.193
emap3_Bn_OCH2CF2CF3,3.455,82.25,-5.517
emap3_Bn_OCH2CF2CH3,2.913,82.25,-6.039
emap3_Bn_OCH2CH2CF2CF3,3.498,82.25,-5.3
emap3_Bn_CH2CF2CH2F,3.138,73.02,-6
emap3_Bn_CH2CH2CF2CH2F,3.008,73.02,-5.87
emap3_Bn_OCH2CF2CH2F,2.862,82.25,-5.785
emap3_Bn_CH2CH2CF2CH2CHF2,3.303,73.02,-6.482
emap3_Bn_CH2CH2CF2CH2CF3,3.601,73.02,-6.594
emap3_Bn_OCH2CH2CF2CH2F,2.905,82.25,-6.029
emap3_Bn_CH2CH2CF2CH2CH2F,3.398,73.02,-6.344
emap3_Bn_CH2CF2CH2CH2F,3.528,73.02,-5.882
emap3_Bn_CH2CF2CH2CHF2,3.433,73.02,-6.178
emap3_Bn_CH2CF2CH2CF3,3.731,73.02,-6.169
emap3_Bn_OCH2CF2CH2CH2F,3.253,82.25,-6.1
emap3_Bn_OCH2CH2CF2CH2CH2F,3.295,82.25,-5.641
emap3_Bn_CH2CH2CF2CH2CH2CHF2,3.694,73.02,-6.399
emap3_Bn_CH2CH2CF2CH2CH2CF3,3.991,73.02,-6.649
emap3_Bn-4F_Me,2.376,73.02,-5.452
emap3_Bn-4F_Et,2.859,73.02,-6.2
emap3_Bn-4F_nPr,3.249,73.02,-6.29
emap3_Bn-4F_nBu,3.639,73.02,-6.127
emap3_Bn-4F_CH2F,2.766,73.02,-6.133
emap3_Bn-4F_CH2CH2F,2.809,73.02,-5.97
emap3_Bn-4F_CH2CH2CH2F,3.199,73.02,-6.097
emap3_Bn-4F_CH2CHF2,3.234,73.02,-5.266
emap3_Bn-4F_CH2CH2CHF2,3.104,73.02,-6.258
emap3_Bn-4F_CH2CH2CH2CHF2,3.495,73.02,-6.364
emap3_Bn-4F_CH2CF3,3.316,73.02,-6.176
emap3_Bn-4F_CH2CH2CF3,3.402,73.02,-6.234
emap3_Bn-4F_CH2CH2CH2CF3,3.792,73.02,-6.49
emap3_Bn-4F_OCH2F,2.621,82.25,-5.949
emap3_Bn-4F_OCH2CHF2,2.959,82.25,-6.316
emap3_Bn-4F_OCH2CF3,3.256,82.25,-6.37
emap3_Bn-4F_OCH2CH2F,2.663,82.25,-6.169
emap3_Bn-4F_OCH2CH2CF3,3.299,82.25,-6.025
emap3_Bn-4F_OCH2CH2CHF2,3.002,82.25,-5.796
emap3_Bn-4F_OCH2CH2CH2F,2.706,82.25,-6.035
emap3_Bn-4F_OCH2CH2CH2CF3,3.689,82.25,-5.284
emap3_Bn-4F_CH2SiMe3,3.717,73.02,-6.245
emap3_Bn-4F_CH2CH2SiMe3,4.178,73.02,-5.758
emap3_Bn-4F_OSiMe3,3.026,82.25,-6.178
emap3_Bn-4F_CH2SiEt3,4.887,73.02,-5.89
emap3_Bn-4F_tBu,3.594,73.02,-6.211
emap3_Bn-4F_BnCH2,4.196,73.02,-5.826
emap3_Bn-4F_PhCH2F,4.298,73.02,-5.96
emap3_Bn-4F_OCH2CF2H,2.959,82.25,-6.278
emap3_Bn-4F_OCH2CH2CF2H,3.002,82.25,-5.788
emap3_Bn-4F_CH2CF2H,3.234,73.02,-5.241
emap3_Bn-4F_CH2CH2CF2H,3.104,73.02,-6.274
emap3_Bn-4F_OCH2CH2CH2CHF2,3.392,82.25,-6.451
emap3_Bn-4F_CH2CH2CF2CF3,3.74,73.02,-5.499
emap3_Bn-4F_CH2CF2CF3,3.87,73.02,-6.097
emap3_Bn-4F_CH2CH2CH2CF2CF3,4.13,73.02,-6.648
emap3_Bn-4F_CH2CH2CF2CH3,3.197,73.02,-6.28
emap3_Bn-4F_OCH2CF2CF3,3.594,82.25,-6.026
emap3_Bn-4F_OCH2CF2CH3,3.052,82.25,-6.242
emap3_Bn-4F_OCH2CH2CF2CF3,3.637,82.25,-5.644
emap3_Bn-4F_CH2CF2CH2F,3.277,73.02,-6.196
emap3_Bn-4F_CH2CH2CF2CH2F,3.147,73.02,-6.178
emap3_Bn-4F_OCH2CF2CH2F,3.002,82.25,-6.253
emap3_Bn-4F_CH2CH2CF2CH2CHF2,3.443,73.02,-6.388
emap3_Bn-4F_CH2CH2CF2CH2CF3,3.74,73.02,-5.811
emap3_Bn-4F_OCH2CH2CF2CH2F,3.044,82.25,-5.715
emap3_Bn-4F_CH2CH2CF2CH2CH2F,3.537,73.02,-6.272
emap3_Bn-4F_CH2CF2CH2CH2F,3.667,73.02,-6.387
emap3_Bn-4F_CH2CF2CH2CHF2,3.573,73.02,-6.059
emap3_Bn-4F_CH2CF2CH2CF3,3.87,73.02,-6.407
emap3_Bn-4F_OCH2CF2CH2CH2F,3.392,82.25,-5.964
emap3_Bn-4F_OCH2CH2CF2CH2CH2F,3.434,82.25,-5.446
emap3_Bn-4F_CH2CH2CF2CH2CH2CHF2,3.833,73.02,-5.991
emap3_Bn-4F_CH2CH2CF2CH2CH2CF3,4.13,73.02,-6.639
emap3_Bn-3F_Me,2.376,73.02,-5.304
emap3_Bn-3F_Et,2.859,73.02,-5.143
emap3_Bn-3F_nPr,3.249,73.02,-6.437
emap3_Bn-3F_nBu,3.639,73.02,-6.396
emap3_Bn-3F_CH2F,2.766,73.02,-6.024
emap3_Bn-3F_CH2CH2F,2.809,73.02,-6.069
emap3_Bn-3F_CH2CH2CH2F,3.199,73.02,-6.22
emap3_Bn-3F_CH2CHF2,3.234,73.02,-6.237
emap3_Bn-3F_CH2CH2CHF2,3.104,73.02,-6.242
emap3_Bn-3F_CH2CH2CH2CHF2,3.495,73.02,-6.387
emap3_Bn-3F_CH2CF3,3.316,73.02,-6.035
emap3_Bn-3F_CH2CH2CF3,3.402,73.02,-6.699
emap3_Bn-3F_CH2CH2CH2CF3,3.792,73.02,-6.457
emap3_Bn-3F_OCH2F,2.621,82.25,-6.002
emap3_Bn-3F_OCH2CHF2,2.959,82.25,-6.23
emap3_Bn-3F_OCH2CF3,3.256,82.25,-6.472
emap3_Bn-3F_OCH2CH2F,2.663,82.25,-6.103
emap3_Bn-3F_OCH2CH2CF3,3.299,82.25,-6.333
emap3_Bn-3F_OCH2CH2CHF2,3.002,82.25,-6.185
emap3_Bn-3F_OCH2CH2CH2F,2.706,82.25,-5.971
emap3_Bn-3F_OCH2CH2CH2CF3,3.689,82.25,-6.754
emap3_Bn-3F_CH2SiMe3,3.717,73.02,-6.423
emap3_Bn-3F_CH2CH2SiMe3,4.178,73.02,-6.163
emap3_Bn-3F_OSiMe3,3.026,82.25,-6.344
emap3_Bn-3F_CH2SiEt3,4.887,73.02,-5.706
emap3_Bn-3F_tBu,3.594,73.02,-6.27
emap3_Bn-3F_BnCH2,4.196,73.02,-6.996
emap3_Bn-3F_PhCH2F,4.298,73.02,-6.524
emap3_Bn-3F_OCH2CF2H,2.959,82.25,-6.179
emap3_Bn-3F_OCH2CH2CF2H,3.002,82.25,-6.256
emap3_Bn-3F_CH2CF2H,3.234,73.02,-4.997
emap3_Bn-3F_CH2CH2CF2H,3.104,73.02,-6.244
emap3_Bn-3F_OCH2CH2CH2CHF2,3.392,82.25,-5.591
emap3_Bn-3F_CH2CH2CF2CF3,3.74,73.02,-6.334
emap3_Bn-3F_CH2CF2CF3,3.87,73.02,-6.51
emap3_Bn-3F_CH2CH2CH2CF2CF3,4.13,73.02,-6.536
emap3_Bn-3F_CH2CH2CF2CH3,3.197,73.02,-6.386
emap3_Bn-3F_OCH2CF2CF3,3.594,82.25,-6.725
emap3_Bn-3F_OCH2CF2CH3,3.052,82.25,-6.195
emap3_Bn-3F_OCH2CH2CF2CF3,3.637,82.25,-5.528
emap3_Bn-3F_CH2CF2CH2F,3.277,73.02,-6.225
emap3_Bn-3F_CH2CH2CF2CH2F,3.147,73.02,-6.173
emap3_Bn-3F_OCH2CF2CH2F,3.002,82.25,-6.137
emap3_Bn-3F_CH2CH2CF2CH2CHF2,3.443,73.02,-6.257
emap3_Bn-3F_CH2CH2CF2CH2CF3,3.74,73.02,-5.886
emap3_Bn-3F_OCH2CH2CF2CH2F,3.044,82.25,-5.657
emap3_Bn-3F_CH2CH2CF2CH2CH2F,3.537,73.02,-0.273
emap3_Bn-3F_CH2CF2CH2CH2F,3.667,73.02,-6.126
emap3_Bn-3F_CH2CF2CH2CHF2,3.573,73.02,-6.32
emap3_Bn-3F_CH2CF2CH2CF3,3.87,73.02,-6.555
emap3_Bn-3F_OCH2CF2CH2CH2F,3.392,82.25,-6.406
emap3_Bn-3F_OCH2CH2CF2CH2CH2F,3.434,82.25,-5.92
emap3_Bn-3F_CH2CH2CF2CH2CH2CHF2,3.833,73.02,-6.499
emap3_Bn-3F_CH2CH2CF2CH2CH2CF3,4.13,73.02,-6.639
emap3_Bn-2F_Me,2.376,73.02,-6.385
emap3_Bn-2F_Et,2.859,73.02,-6.11
emap3_Bn-2F_nPr,3.249,73.02,-6.333
emap3_Bn-2F_nBu,3.639,73.02,-6.357
emap3_Bn-2F_CH2F,2.766,73.02,-5.15
emap3_Bn-2F_CH2CH2F,2.809,73.02,-6.1
emap3_Bn-2F_CH2CH2CH2F,3.199,73.02,-6.191
emap3_Bn-2F_CH2CHF2,3.234,73.02,-6.183
emap3_Bn-2F_CH2CH2CHF2,3.104,73.02,-6.359
emap3_Bn-2F_CH2CH2CH2CHF2,3.495,73.02,-6.462
emap3_Bn-2F_CH2CF3,3.316,73.02,-6.289
emap3_Bn-2F_CH2CH2CF3,3.402,73.02,-6.163
emap3_Bn-2F_CH2CH2CH2CF3,3.792,73.02,-6.294
emap3_Bn-2F_OCH2F,2.621,82.25,-5.186
emap3_Bn-2F_OCH2CHF2,2.959,82.25,-6.44
emap3_Bn-2F_OCH2CF3,3.256,82.25,-6.37
emap3_Bn-2F_OCH2CH2F,2.663,82.25,-6.125
emap3_Bn-2F_OCH2CH2CF3,3.299,82.25,-6.221
emap3_Bn-2F_OCH2CH2CHF2,3.002,82.25,-6.049
emap3_Bn-2F_OCH2CH2CH2F,2.706,82.25,-6.139
emap3_Bn-2F_OCH2CH2CH2CF3,3.689,82.25,-5.704
emap3_Bn-2F_CH2SiMe3,3.717,73.02,-6.072
emap3_Bn-2F_CH2CH2SiMe3,4.178,73.02,-5.508
emap3_Bn-2F_OSiMe3,3.026,82.25,-6.002
emap3_Bn-2F_CH2SiEt3,4.887,73.02,-5.912
emap3_Bn-2F_tBu,3.594,73.02,-6.335
emap3_Bn-2F_BnCH2,4.196,73.02,-6.876
emap3_Bn-2F_PhCH2F,4.298,73.02,-6.491
emap3_Bn-2F_OCH2CF2H,2.959,82.25,-6.371
emap3_Bn-2F_OCH2CH2CF2H,3.002,82.25,-6.133
emap3_Bn-2F_CH2CF2H,3.234,73.02,-6.195
emap3_Bn-2F_CH2CH2CF2H,3.104,73.02,-6.371
emap3_Bn-2F_OCH2CH2CH2CHF2,3.392,82.25,-6.36
emap3_Bn-2F_CH2CH2CF2CF3,3.74,73.02,-7.1
emap3_Bn-2F_CH2CF2CF3,3.87,73.02,-6.437
emap3_Bn-2F_CH2CH2CH2CF2CF3,4.13,73.02,-6.57
emap3_Bn-2F_CH2CH2CF2CH3,3.197,73.02,-6.477
emap3_Bn-2F_OCH2CF2CF3,3.594,82.25,-6.44
emap3_Bn-2F_OCH2CF2CH3,3.052,82.25,-6.332
emap3_Bn-2F_OCH2CH2CF2CF3,3.637,82.25,-5.753
emap3_Bn-2F_CH2CF2CH2F,3.277,73.02,-6.319
emap3_Bn-2F_CH2CH2CF2CH2F,3.147,73.02,-6.181
emap3_Bn-2F_OCH2CF2CH2F,3.002,82.25,-6.269
emap3_Bn-2F_CH2CH2CF2CH2CHF2,3.443,73.02,-5.707
emap3_Bn-2F_CH2CH2CF2CH2CF3,3.74,73.02,-6.414
emap3_Bn-2F_OCH2CH2CF2CH2F,3.044,82.25,-6.165
emap3_Bn-2F_CH2CH2CF2CH2CH2F,3.537,73.02,-5.599
emap3_Bn-2F_CH2CF2CH2CH2F,3.667,73.02,-6.154
emap3_Bn-2F_CH2CF2CH2CHF2,3.573,73.02,-6.273
emap3_Bn-2F_CH2CF2CH2CF3,3.87,73.02,-6.427
emap3_Bn-2F_OCH2CF2CH2CH2F,3.392,82.25,-5.944
emap3_Bn-2F_OCH2CH2CF2CH2CH2F,3.434,82.25,-5.915
emap3_Bn-2F_CH2CH2CF2CH2CH2CHF2,3.833,73.02,-6.777
emap3_Bn-2F_CH2CH2CF2CH2CH2CF3,4.13,73.02,-6.566
emap3_Bn-4Cl_Me,2.891,73.02,-5.522
emap3_Bn-4Cl_Et,3.374,73.02,-6.243
emap3_Bn-4Cl_nPr,3.764,73.02,-6.247
emap3_Bn-4Cl_nBu,4.154,73.02,-6.142
emap3_Bn-4Cl_CH2F,3.281,73.02,-6.204
emap3_Bn-4Cl_CH2CH2F,3.323,73.02,-5.951
emap3_Bn-4Cl_CH2CH2CH2F,3.713,73.02,-6.126
emap3_Bn-4Cl_CH2CHF2,3.749,73.02,-6.117
emap3_Bn-4Cl_CH2CH2CHF2,3.619,73.02,-6.258
emap3_Bn-4Cl_CH2CH2CH2CHF2,4.009,73.02,-5.144
emap3_Bn-4Cl_CH2CF3,3.83,73.02,-6.223
emap3_Bn-4Cl_CH2CH2CF3,3.916,73.02,-6.55
emap3_Bn-4Cl_CH2CH2CH2CF3,4.306,73.02,-6.287
emap3_Bn-4Cl_OCH2F,3.135,82.25,-6.154
emap3_Bn-4Cl_OCH2CHF2,3.473,82.25,-6.38
emap3_Bn-4Cl_OCH2CF3,3.771,82.25,-6.37
emap3_Bn-4Cl_OCH2CH2F,3.178,82.25,-6.218
emap3_Bn-4Cl_OCH2CH2CF3,3.813,82.25,-5.695
emap3_Bn-4Cl_OCH2CH2CHF2,3.516,82.25,-5.794
emap3_Bn-4Cl_OCH2CH2CH2F,3.22,82.25,-5.987
emap3_Bn-4Cl_OCH2CH2CH2CF3,4.203,82.25,-5.414
emap3_Bn-4Cl_CH2SiMe3,4.231,73.02,-6.2
emap3_Bn-4Cl_CH2CH2SiMe3,4.692,73.02,-5.665
emap3_Bn-4Cl_OSiMe3,3.54,82.25,-6.235
emap3_Bn-4Cl_CH2SiEt3,5.401,73.02,-6.007
emap3_Bn-4Cl_tBu,4.109,73.02,-6.234
emap3_Bn-4Cl_BnCH2,4.71,73.02,-6.244
emap3_Bn-4Cl_PhCH2F,4.812,73.02,-5.772
emap3_Bn-4Cl_OCH2CF2H,3.473,82.25,-6.298
emap3_Bn-4Cl_OCH2CH2CF2H,3.516,82.25,-5.709
emap3_Bn-4Cl_CH2CF2H,3.749,73.02,-6.108
emap3_Bn-4Cl_CH2CH2CF2H,3.619,73.02,-6.245
emap3_Bn-4Cl_OCH2CH2CH2CHF2,3.906,82.25,-5.196
emap3_Bn-4Cl_CH2CH2CF2CF3,4.254,73.02,-6.479
emap3_Bn-4Cl_CH2CF2CF3,4.384,73.02,-6.37
emap3_Bn-4Cl_CH2CH2CH2CF2CF3,4.644,73.02,-6.502
emap3_Bn-4Cl_CH2CH2CF2CH3,3.712,73.02,-6.31
emap3_Bn-4Cl_OCH2CF2CF3,4.109,82.25,-6.284
emap3_Bn-4Cl_OCH2CF2CH3,3.566,82.25,-6.28
emap3_Bn-4Cl_OCH2CH2CF2CF3,4.151,82.25,-6.217
emap3_Bn-4Cl_CH2CF2CH2F,3.791,73.02,-6.215
emap3_Bn-4Cl_CH2CH2CF2CH2F,3.661,73.02,-6.183
emap3_Bn-4Cl_OCH2CF2CH2F,3.516,82.25,-5.65
emap3_Bn-4Cl_CH2CH2CF2CH2CHF2,3.957,73.02,-6.385
emap3_Bn-4Cl_CH2CH2CF2CH2CF3,4.254,73.02,-6.433
emap3_Bn-4Cl_OCH2CH2CF2CH2F,3.558,82.25,-5.745
emap3_Bn-4Cl_CH2CH2CF2CH2CH2F,4.051,73.02,-6.406
emap3_Bn-4Cl_CH2CF2CH2CH2F,4.181,73.02,-6.407
emap3_Bn-4Cl_CH2CF2CH2CHF2,4.087,73.02,-6.53
emap3_Bn-4Cl_CH2CF2CH2CF3,4.384,73.02,-6.429
emap3_Bn-4Cl_OCH2CF2CH2CH2F,3.906,82.25,-5.356
emap3_Bn-4Cl_OCH2CH2CF2CH2CH2F,3.948,82.25,-6.062
emap3_Bn-4Cl_CH2CH2CF2CH2CH2CHF2,4.347,73.02,-5.846
emap3_Bn-4Cl_CH2CH2CF2CH2CH2CF3,4.644,73.02,-6.634
emap3_Bn-3Cl_Me,2.891,73.02,-5
emap3_Bn-3Cl_Et,3.374,73.02,-6.467
emap3_Bn-3Cl_nPr,3.764,73.02,-6.283
emap3_Bn-3Cl_nBu,4.154,73.02,-6.348
emap3_Bn-3Cl_CH2F,3.281,73.02,-6.51
emap3_Bn-3Cl_CH2CH2F,3.323,73.02,-6.162
emap3_Bn-3Cl_CH2CH2CH2F,3.713,73.02,-6.407
emap3_Bn-3Cl_CH2CHF2,3.749,73.02,-5.009
emap3_Bn-3Cl_CH2CH2CHF2,3.619,73.02,-6.366
emap3_Bn-3Cl_CH2CH2CH2CHF2,4.009,73.02,-6.347
emap3_Bn-3Cl_CH2CF3,3.83,73.02,-6.267
emap3_Bn-3Cl_CH2CH2CF3,3.916,73.02,-6.146
emap3_Bn-3Cl_CH2CH2CH2CF3,4.306,73.02,-6.601
emap3_Bn-3Cl_OCH2F,3.135,82.25,-6.451
emap3_Bn-3Cl_OCH2CHF2,3.473,82.25,-6.404
emap3_Bn-3Cl_OCH2CF3,3.771,82.25,-6.682
emap3_Bn-3Cl_OCH2CH2F,3.178,82.25,-6.148
emap3_Bn-3Cl_OCH2CH2CF3,3.813,82.25,-6.301
emap3_Bn-3Cl_OCH2CH2CHF2,3.516,82.25,-6.372
emap3_Bn-3Cl_OCH2CH2CH2F,3.22,82.25,-6.018
emap3_Bn-3Cl_OCH2CH2CH2CF3,4.203,82.25,-6.373
emap3_Bn-3Cl_CH2SiMe3,4.231,73.02,-6.215
emap3_Bn-3Cl_CH2CH2SiMe3,4.692,73.02,-6.317
emap3_Bn-3Cl_OSiMe3,3.54,82.25,-6.115
emap3_Bn-3Cl_CH2SiEt3,5.401,73.02,-6.48
emap3_Bn-3Cl_tBu,4.109,73.02,-6.305
emap3_Bn-3Cl_BnCH2,4.71,73.02,-6.999
emap3_Bn-3Cl_PhCH2F,4.812,73.02,-6.455
emap3_Bn-3Cl_OCH2CF2H,3.473,82.25,-6.368
emap3_Bn-3Cl_OCH2CH2CF2H,3.516,82.25,-6.331
emap3_Bn-3Cl_CH2CF2H,3.749,73.02,-5.005
emap3_Bn-3Cl_CH2CH2CF2H,3.619,73.02,-6.379
emap3_Bn-3Cl_OCH2CH2CH2CHF2,3.906,82.25,-6.301
emap3_Bn-3Cl_CH2CH2CF2CF3,4.254,73.02,-6.675
emap3_Bn-3Cl_CH2CF2CF3,4.384,73.02,-6.627
emap3_Bn-3Cl_CH2CH2CH2CF2CF3,4.644,73.02,-7.08
emap3_Bn-3Cl_CH2CH2CF2CH3,3.712,73.02,-6.375
emap3_Bn-3Cl_OCH2CF2CF3,4.109,82.25,-6.593
emap3_Bn-3Cl_OCH2CF2CH3,3.566,82.25,-6.246
emap3_Bn-3Cl_OCH2CH2CF2CF3,4.151,82.25,-5.844
emap3_Bn-3Cl_CH2CF2CH2F,3.791,73.02,-6.266
emap3_Bn-3Cl_CH2CH2CF2CH2F,3.661,73.02,-6.25
emap3_Bn-3Cl_OCH2CF2CH2F,3.516,82.25,-6.471
emap3_Bn-3Cl_CH2CH2CF2CH2CHF2,3.957,73.02,-5.835
emap3_Bn-3Cl_CH2CH2CF2CH2CF3,4.254,73.02,-6.585
emap3_Bn-3Cl_OCH2CH2CF2CH2F,3.558,82.25,-5.558
emap3_Bn-3Cl_CH2CH2CF2CH2CH2F,4.051,73.02,-6.326
emap3_Bn-3Cl_CH2CF2CH2CH2F,4.181,73.02,-6.061
emap3_Bn-3Cl_CH2CF2CH2CHF2,4.087,73.02,-6.299
emap3_Bn-3Cl_CH2CF2CH2CF3,4.384,73.02,-6.336
emap3_Bn-3Cl_OCH2CF2CH2CH2F,3.906,82.25,-6.407
emap3_Bn-3Cl_OCH2CH2CF2CH2CH2F,3.948,82.25,-6.554
emap3_Bn-3Cl_CH2CH2CF2CH2CH2CHF2,4.347,73.02,-6.44
emap3_Bn-3Cl_CH2CH2CF2CH2CH2CF3,4.644,73.02,-6.47
emap3_Bn-4Br_Me,3,73.02,-5.487
emap3_Bn-4Br_Et,3.483,73.02,-6.254
emap3_Bn-4Br_nPr,3.873,73.02,-6.199
emap3_Bn-4Br_nBu,4.263,73.02,-6.118
emap3_Bn-4Br_CH2F,3.39,73.02,-6.206
emap3_Bn-4Br_CH2CH2F,3.432,73.02,-6.139
emap3_Bn-4Br_CH2CH2CH2F,3.822,73.02,-6.169
emap3_Bn-4Br_CH2CHF2,3.858,73.02,-6.275
emap3_Bn-4Br_CH2CH2CHF2,3.728,73.02,-6.303
emap3_Bn-4Br_CH2CH2CH2CHF2,4.118,73.02,-6.425
emap3_Bn-4Br_CH2CF3,3.939,73.02,-6.21
emap3_Bn-4Br_CH2CH2CF3,4.025,73.02,-6.336
emap3_Bn-4Br_CH2CH2CH2CF3,4.415,73.02,-6.443
emap3_Bn-4Br_OCH2F,3.244,82.25,-6.243
emap3_Bn-4Br_OCH2CHF2,3.582,82.25,-6.356
emap3_Bn-4Br_OCH2CF3,3.88,82.25,-6.377
emap3_Bn-4Br_OCH2CH2F,3.287,82.25,-6.189
emap3_Bn-4Br_OCH2CH2CF3,3.922,82.25,-5.65
emap3_Bn-4Br_OCH2CH2CHF2,3.625,82.25,-5.358
emap3_Bn-4Br_OCH2CH2CH2F,3.329,82.25,-6.139
emap3_Bn-4Br_OCH2CH2CH2CF3,4.312,82.25,-5.198
emap3_Bn-4Br_CH2SiMe3,4.34,73.02,-6.283
emap3_Bn-4Br_CH2CH2SiMe3,4.801,73.02,-5.609
emap3_Bn-4Br_OSiMe3,3.649,82.25,-6.224
emap3_Bn-4Br_CH2SiEt3,5.51,73.02,-6.074
emap3_Bn-4Br_tBu,4.218,73.02,-6.199
emap3_Bn-4Br_BnCH2,4.819,73.02,-6.927
emap3_Bn-4Br_PhCH2F,4.921,73.02,-5.685
emap3_Bn-4Br_OCH2CF2H,3.582,82.25,-6.389
emap3_Bn-4Br_OCH2CH2CF2H,3.625,82.25,-5.65
emap3_Bn-4Br_CH2CF2H,3.858,73.02,-6.271
emap3_Bn-4Br_CH2CH2CF2H,3.728,73.02,-6.22
emap3_Bn-4Br_OCH2CH2CH2CHF2,4.015,82.25,-6.171
emap3_Bn-4Br_CH2CH2CF2CF3,4.363,73.02,-6.45
emap3_Bn-4Br_CH2CF2CF3,4.493,73.02,-6.125
emap3_Bn-4Br_CH2CH2CH2CF2CF3,4.753,73.02,-6.648
emap3_Bn-4Br_CH2CH2CF2CH3,3.821,73.02,-6.309
emap3_Bn-4Br_OCH2CF2CF3,4.218,82.25,-6.373
emap3_Bn-4Br_OCH2CF2CH3,3.675,82.25,-6.291
emap3_Bn-4Br_OCH2CH2CF2CF3,4.26,82.25,-6.036
emap3_Bn-4Br_CH2CF2CH2F,3.9,73.02,-6.207
emap3_Bn-4Br_CH2CH2CF2CH2F,3.77,73.02,-6.143
emap3_Bn-4Br_OCH2CF2CH2F,3.625,82.25,-5.416
emap3_Bn-4Br_CH2CH2CF2CH2CHF2,4.066,73.02,-6.324
emap3_Bn-4Br_CH2CH2CF2CH2CF3,4.363,73.02,-6.437
emap3_Bn-4Br_OCH2CH2CF2CH2F,3.667,82.25,-5.737
emap3_Bn-4Br_CH2CH2CF2CH2CH2F,4.16,73.02,-5.638
emap3_Bn-4Br_CH2CF2CH2CH2F,4.29,73.02,-6.127
emap3_Bn-4Br_CH2CF2CH2CHF2,4.196,73.02,-6.554
emap3_Bn-4Br_CH2CF2CH2CF3,4.493,73.02,-6.115
emap3_Bn-4Br_OCH2CF2CH2CH2F,4.015,82.25,-5.629
emap3_Bn-4Br_OCH2CH2CF2CH2CH2F,4.058,82.25,-6.298
emap3_Bn-4Br_CH2CH2CF2CH2CH2CHF2,4.456,73.02,-5.802
emap3_Bn-4Br_CH2CH2CF2CH2CH2CF3,4.753,73.02,-6.551
emap3_Bn-4OMe_Me,2.169,82.25,-5.989
emap3_Bn-4OMe_Et,2.652,82.25,-6.114
emap3_Bn-4OMe_nPr,3.042,82.25,-5.933
emap3_Bn-4OMe_nBu,3.432,82.25,-6.152
emap3_Bn-4OMe_CH2F,2.559,82.25,-6.14
emap3_Bn-4OMe_CH2CH2F,2.601,82.25,-5.817
emap3_Bn-4OMe_CH2CH2CH2F,2.991,82.25,-6.065
emap3_Bn-4OMe_CH2CHF2,3.027,82.25,-5.197
emap3_Bn-4OMe_CH2CH2CHF2,2.897,82.25,-6.3
emap3_Bn-4OMe_CH2CH2CH2CHF2,3.287,82.25,-5.778
emap3_Bn-4OMe_CH2CF3,3.108,82.25,-5.652
emap3_Bn-4OMe_CH2CH2CF3,3.194,82.25,-5.672
emap3_Bn-4OMe_CH2CH2CH2CF3,3.584,82.25,-5.9
emap3_Bn-4OMe_OCH2F,2.414,91.48,-5.845
emap3_Bn-4OMe_OCH2CHF2,2.752,91.48,-5.82
emap3_Bn-4OMe_OCH2CF3,3.049,91.48,-6.298
emap3_Bn-4OMe_OCH2CH2F,2.456,91.48,-6.031
emap3_Bn-4OMe_OCH2CH2CF3,3.091,91.48,-6.272
emap3_Bn-4OMe_OCH2CH2CHF2,2.794,91.48,-5.799
emap3_Bn-4OMe_OCH2CH2CH2F,2.499,91.48,-5.348
emap3_Bn-4OMe_OCH2CH2CH2CF3,3.481,91.48,-5.044
emap3_Bn-4OMe_CH2SiMe3,3.509,82.25,-5.468
emap3_Bn-4OMe_CH2CH2SiMe3,3.97,82.25,-5.806
emap3_Bn-4OMe_OSiMe3,2.818,91.48,-5.35
emap3_Bn-4OMe_CH2SiEt3,4.68,82.25,-5.302
emap3_Bn-4OMe_tBu,3.387,82.25,-5.617
emap3_Bn-4OMe_BnCH2,3.989,82.25,-5.851
emap3_Bn-4OMe_PhCH2F,4.091,82.25,-5.986
emap3_Bn-4OMe_OCH2CF2H,2.752,91.48,-5.523
emap3_Bn-4OMe_OCH2CH2CF2H,2.794,91.48,-5.368
emap3_Bn-4OMe_CH2CF2H,3.027,82.25,-5.754
emap3_Bn-4OMe_CH2CH2CF2H,2.897,82.25,-6.015
emap3_Bn-4OMe_OCH2CH2CH2CHF2,3.184,91.48,-6.077
emap3_Bn-4OMe_CH2CH2CF2CF3,3.532,82.25,-6.365
emap3_Bn-4OMe_CH2CF2CF3,3.662,82.25,-6.336
emap3_Bn-4OMe_CH2CH2CH2CF2CF3,3.922,82.25,-5.889
emap3_Bn-4OMe_CH2CH2CF2CH3,2.99,82.25,-6.204
emap3_Bn-4OMe_OCH2CF2CF3,3.387,91.48,-5.796
emap3_Bn-4OMe_OCH2CF2CH3,2.845,91.48,-5.396
emap3_Bn-4OMe_OCH2CH2CF2CF3,3.429,91.48,-5.881
emap3_Bn-4OMe_CH2CF2CH2F,3.069,82.25,-5.387
emap3_Bn-4OMe_CH2CH2CF2CH2F,2.939,82.25,-5.464
emap3_Bn-4OMe_OCH2CF2CH2F,2.794,91.48,-5.403
emap3_Bn-4OMe_CH2CH2CF2CH2CHF2,3.235,82.25,-5.671
emap3_Bn-4OMe_CH2CH2CF2CH2CF3,3.532,82.25,-6.386
emap3_Bn-4OMe_OCH2CH2CF2CH2F,2.837,91.48,-6.097
emap3_Bn-4OMe_CH2CH2CF2CH2CH2F,3.33,82.25,-5.298
emap3_Bn-4OMe_CH2CF2CH2CH2F,3.46,82.25,-5.081
emap3_Bn-4OMe_CH2CF2CH2CHF2,3.365,82.25,-5.439
emap3_Bn-4OMe_CH2CF2CH2CF3,3.662,82.25,-6.316
emap3_Bn-4OMe_OCH2CF2CH2CH2F,3.184,91.48,-5.781
emap3_Bn-4OMe_OCH2CH2CF2CH2CH2F,3.227,91.48,-5.936
emap3_Bn-4OMe_CH2CH2CF2CH2CH2CHF2,3.625,82.25,-6.08
emap3_Bn-4OMe_CH2CH2CF2CH2CH2CF3,3.922,82.25,-5.871
emap3_Bn-3OMe_Me,2.169,82.25,-5.69
emap3_Bn-3OMe_Et,2.652,82.25,-5.783
emap3_Bn-3OMe_nPr,3.042,82.25,-5.952
emap3_Bn-3OMe_nBu,3.432,82.25,-5.519
emap3_Bn-3OMe_CH2F,2.559,82.25,-5.779
emap3_Bn-3OMe_CH2CH2F,2.601,82.25,-5.879
emap3_Bn-3OMe_CH2CH2CH2F,2.991,82.25,-6.045
emap3_Bn-3OMe_CH2CHF2,3.027,82.25,-6.371
emap3_Bn-3OMe_CH2CH2CHF2,2.897,82.25,-6.241
emap3_Bn-3OMe_CH2CH2CH2CHF2,3.287,82.25,-6.133
emap3_Bn-3OMe_CH2CF3,3.108,82.25,-6.075
emap3_Bn-3OMe_CH2CH2CF3,3.194,82.25,-6.143
emap3_Bn-3OMe_CH2CH2CH2CF3,3.584,82.25,-6.374
emap3_Bn-3OMe_OCH2F,2.414,91.48,-6.206
emap3_Bn-3OMe_OCH2CHF2,2.752,91.48,-6.327
emap3_Bn-3OMe_OCH2CF3,3.049,91.48,-6.353
emap3_Bn-3OMe_OCH2CH2F,2.456,91.48,-5.72
emap3_Bn-3OMe_OCH2CH2CF3,3.091,91.48,-5.958
emap3_Bn-3OMe_OCH2CH2CHF2,2.794,91.48,-5.477
emap3_Bn-3OMe_OCH2CH2CH2F,2.499,91.48,-5.898
emap3_Bn-3OMe_OCH2CH2CH2CF3,3.481,91.48,-6.348
emap3_Bn-3OMe_CH2SiMe3,3.509,82.25,-6.334
emap3_Bn-3OMe_CH2CH2SiMe3,3.97,82.25,-5.477
emap3_Bn-3OMe_OSiMe3,2.818,91.48,-6.127
emap3_Bn-3OMe_CH2SiEt3,4.68,82.25,-5.769
emap3_Bn-3OMe_tBu,3.387,82.25,-6.451
emap3_Bn-3OMe_BnCH2,3.989,82.25,-6.842
emap3_Bn-3OMe_PhCH2F,4.091,82.25,-5.783
emap3_Bn-3OMe_OCH2CF2H,2.752,91.48,-6.132
emap3_Bn-3OMe_OCH2CH2CF2H,2.794,91.48,-6.096
emap3_Bn-3OMe_CH2CF2H,3.027,82.25,-5.989
emap3_Bn-3OMe_CH2CH2CF2H,2.897,82.25,-6.26
emap3_Bn-3OMe_OCH2CH2CH2CHF2,3.184,91.48,-6.434
emap3_Bn-3OMe_CH2CH2CF2CF3,3.532,82.25,-6.369
emap3_Bn-3OMe_CH2CF2CF3,3.662,82.25,-6.331
emap3_Bn-3OMe_CH2CH2CH2CF2CF3,3.922,82.25,-5.517
emap3_Bn-3OMe_CH2CH2CF2CH3,2.99,82.25,-6.297
emap3_Bn-3OMe_OCH2CF2CF3,3.387,91.48,-6.288
emap3_Bn-3OMe_OCH2CF2CH3,2.845,91.48,-6.142
emap3_Bn-3OMe_OCH2CH2CF2CF3,3.429,91.48,-6.243
emap3_Bn-3OMe_CH2CF2CH2F,3.069,82.25,-5.363
emap3_Bn-3OMe_CH2CH2CF2CH2F,2.939,82.25,-6.083
emap3_Bn-3OMe_OCH2CF2CH2F,2.794,91.48,-6.145
emap3_Bn-3OMe_CH2CH2CF2CH2CHF2,3.235,82.25,-6.31
emap3_Bn-3OMe_CH2CH2CF2CH2CF3,3.532,82.25,-6.085
emap3_Bn-3OMe_OCH2CH2CF2CH2F,2.837,91.48,-6.062
emap3_Bn-3OMe_CH2CH2CF2CH2CH2F,3.33,82.25,-6.056
emap3_Bn-3OMe_CH2CF2CH2CH2F,3.46,82.25,-6.072
emap3_Bn-3OMe_CH2CF2CH2CHF2,3.365,82.25,-6.411
emap3_Bn-3OMe_CH2CF2CH2CF3,3.662,82.25,-6.205
emap3_Bn-3OMe_OCH2CF2CH2CH2F,3.184,91.48,-6.403
emap3_Bn-3OMe_OCH2CH2CF2CH2CH2F,3.227,91.48,-6.14
emap3_Bn-3OMe_CH2CH2CF2CH2CH2CHF2,3.625,82.25,-6.559
emap3_Bn-3OMe_CH2CH2CF2CH2CH2CF3,3.922,82.25,-6.45
emap3_Bn-4OCHF2_Me,2.762,82.25,-4.811
emap3_Bn-4OCHF2_Et,3.245,82.25,-6.029
emap3_Bn-4OCHF2_nPr,3.635,82.25,-6.378
emap3_Bn-4OCHF2_nBu,4.025,82.25,-6.311
emap3_Bn-4OCHF2_CH2F,3.152,82.25,-4.905
emap3_Bn-4OCHF2_CH2CH2F,3.194,82.25,-6.165
emap3_Bn-4OCHF2_CH2CH2CH2F,3.584,82.25,-6.264
emap3_Bn-4OCHF2_CH2CHF2,3.62,82.25,-4.917
emap3_Bn-4OCHF2_CH2CH2CHF2,3.49,82.25,-4.949
emap3_Bn-4OCHF2_CH2CH2CH2CHF2,3.88,82.25,-5.849
emap3_Bn-4OCHF2_CH2CF3,3.701,82.25,-6.542
emap3_Bn-4OCHF2_CH2CH2CF3,3.787,82.25,-6.276
emap3_Bn-4OCHF2_CH2CH2CH2CF3,4.177,82.25,-6.161
emap3_Bn-4OCHF2_OCH2F,3.006,91.48,-6.127
emap3_Bn-4OCHF2_OCH2CHF2,3.344,91.48,-6.054
emap3_Bn-4OCHF2_OCH2CF3,3.642,91.48,-5.639
emap3_Bn-4OCHF2_OCH2CH2F,3.049,91.48,-4.594
emap3_Bn-4OCHF2_OCH2CH2CF3,3.684,91.48,-6.192
emap3_Bn-4OCHF2_OCH2CH2CHF2,3.387,91.48,-6.107
emap3_Bn-4OCHF2_OCH2CH2CH2F,3.091,91.48,-5.985
emap3_Bn-4OCHF2_OCH2CH2CH2CF3,4.074,91.48,-6.101
emap3_Bn-4OCHF2_CH2SiMe3,4.102,82.25,-5.7
emap3_Bn-4OCHF2_CH2CH2SiMe3,4.563,82.25,-5.596
emap3_Bn-4OCHF2_OSiMe3,3.411,91.48,-5.906
emap3_Bn-4OCHF2_CH2SiEt3,5.272,82.25,-5.391
emap3_Bn-4OCHF2_tBu,3.98,82.25,-6.41
emap3_Bn-4OCHF2_BnCH2,4.581,82.25,-6.295
emap3_Bn-4OCHF2_PhCH2F,4.683,82.25,-5.575
emap3_Bn-4OCHF2_OCH2CF2H,3.344,91.48,-6.091
emap3_Bn-4OCHF2_OCH2CH2CF2H,3.387,91.48,-5.567
emap3_Bn-4OCHF2_CH2CF2H,3.62,82.25,-6.407
emap3_Bn-4OCHF2_CH2CH2CF2H,3.49,82.25,-5.016
emap3_Bn-4OCHF2_OCH2CH2CH2CHF2,3.777,91.48,-6.249
emap3_Bn-4OCHF2_CH2CH2CF2CF3,4.125,82.25,-6.395
emap3_Bn-4OCHF2_CH2CF2CF3,4.255,82.25,-5.861
emap3_Bn-4OCHF2_CH2CH2CH2CF2CF3,4.515,82.25,-6.218
emap3_Bn-4OCHF2_CH2CH2CF2CH3,3.583,82.25,-4.848
emap3_Bn-4OCHF2_OCH2CF2CF3,3.98,91.48,-5.582
emap3_Bn-4OCHF2_OCH2CF2CH3,3.437,91.48,-6.133
emap3_Bn-4OCHF2_OCH2CH2CF2CF3,4.022,91.48,-5.716
emap3_Bn-4OCHF2_CH2CF2CH2F,3.662,82.25,-4.862
emap3_Bn-4OCHF2_CH2CH2CF2CH2F,3.532,82.25,-6.036
emap3_Bn-4OCHF2_OCH2CF2CH2F,3.387,91.48,-6.003
emap3_Bn-4OCHF2_CH2CH2CF2CH2CHF2,3.828,82.25,-6.147
emap3_Bn-4OCHF2_CH2CH2CF2CH2CF3,4.125,82.25,-6.365
emap3_Bn-4OCHF2_OCH2CH2CF2CH2F,3.429,91.48,-6.044
emap3_Bn-4OCHF2_CH2CH2CF2CH2CH2F,3.922,82.25,-5.988
emap3_Bn-4OCHF2_CH2CF2CH2CH2F,4.052,82.25,-5.858
emap3_Bn-4OCHF2_CH2CF2CH2CHF2,3.958,82.25,-6.112
emap3_Bn-4OCHF2_CH2CF2CH2CF3,4.255,82.25,-6.398
emap3_Bn-4OCHF2_OCH2CF2CH2CH2F,3.777,91.48,-6.147
emap3_Bn-4OCHF2_OCH2CH2CF2CH2CH2F,3.82,91.48,-6.137
emap3_Bn-4OCHF2_CH2CH2CF2CH2CH2CHF2,4.218,82.25,-6.364
emap3_Bn-4OCHF2_CH2CH2CF2CH2CH2CF3,4.515,82.25,-6.456
emap3_Bn-4OCF3_Me,3.059,82.25,-5.731
emap3_Bn-4OCF3_Et,3.542,82.25,-6.426
emap3_Bn-4OCF3_nPr,3.932,82.25,-6.387
emap3_Bn-4OCF3_nBu,4.322,82.25,-6.294
emap3_Bn-4OCF3_CH2F,3.449,82.25,-6.324
emap3_Bn-4OCF3_CH2CH2F,3.491,82.25,-6.398
emap3_Bn-4OCF3_CH2CH2CH2F,3.881,82.25,-6.263
emap3_Bn-4OCF3_CH2CHF2,3.917,82.25,-6.579
emap3_Bn-4OCF3_CH2CH2CHF2,3.787,82.25,-6.433
emap3_Bn-4OCF3_CH2CH2CH2CHF2,4.177,82.25,-6.195
emap3_Bn-4OCF3_CH2CF3,3.998,82.25,-6.728
emap3_Bn-4OCF3_CH2CH2CF3,4.084,82.25,-6.611
emap3_Bn-4OCF3_CH2CH2CH2CF3,4.474,82.25,-6.241
emap3_Bn-4OCF3_OCH2F,3.304,91.48,-6.46
emap3_Bn-4OCF3_OCH2CHF2,3.642,91.48,-6.302
emap3_Bn-4OCF3_OCH2CF3,3.939,91.48,-6.469
emap3_Bn-4OCF3_OCH2CH2F,3.346,91.48,-6.156
emap3_Bn-4OCF3_OCH2CH2CF3,3.981,91.48,-5.772
emap3_Bn-4OCF3_OCH2CH2CHF2,3.684,91.48,-6.388
emap3_Bn-4OCF3_OCH2CH2CH2F,3.389,91.48,-6.108
emap3_Bn-4OCF3_OCH2CH2CH2CF3,4.371,91.48,-5.81
emap3_Bn-4OCF3_CH2SiMe3,4.399,82.25,-6.086
emap3_Bn-4OCF3_CH2CH2SiMe3,4.86,82.25,-6.329
emap3_Bn-4OCF3_OSiMe3,3.708,91.48,-6.064
emap3_Bn-4OCF3_CH2SiEt3,5.57,82.25,-6.011
emap3_Bn-4OCF3_tBu,4.277,82.25,-6.817
emap3_Bn-4OCF3_BnCH2,4.879,82.25,-6.604
emap3_Bn-4OCF3_PhCH2F,4.981,82.25,-6.172
emap3_Bn-4OCF3_OCH2CF2H,3.642,91.48,-6.208
emap3_Bn-4OCF3_OCH2CH2CF2H,3.684,91.48,-6.452
emap3_Bn-4OCF3_CH2CF2H,3.917,82.25,-6.671
emap3_Bn-4OCF3_CH2CH2CF2H,3.787,82.25,-6.462
emap3_Bn-4OCF3_OCH2CH2CH2CHF2,4.074,91.48,-6.499
emap3_Bn-4OCF3_CH2CH2CF2CF3,4.422,82.25,-6.429
emap3_Bn-4OCF3_CH2CF2CF3,4.552,82.25,-6.362
emap3_Bn-4OCF3_CH2CH2CH2CF2CF3,4.812,82.25,-6.047
emap3_Bn-4OCF3_CH2CH2CF2CH3,3.88,82.25,-6.454
emap3_Bn-4OCF3_OCH2CF2CF3,4.277,91.48,-6.461
emap3_Bn-4OCF3_OCH2CF2CH3,3.735,91.48,-6.28
emap3_Bn-4OCF3_OCH2CH2CF2CF3,4.319,91.48,-5.867
emap3_Bn-4OCF3_CH2CF2CH2F,3.959,82.25,-6.35
emap3_Bn-4OCF3_CH2CH2CF2CH2F,3.829,82.25,-6.306
emap3_Bn-4OCF3_OCH2CF2CH2F,3.684,91.48,-6.388
emap3_Bn-4OCF3_CH2CH2CF2CH2CHF2,4.125,82.25,-6.411
emap3_Bn-4OCF3_CH2CH2CF2CH2CF3,4.422,82.25,-6.468
emap3_Bn-4OCF3_OCH2CH2CF2CH2F,3.727,91.48,-6.378
emap3_Bn-4OCF3_CH2CH2CF2CH2CH2F,4.22,82.25,-6.355
emap3_Bn-4OCF3_CH2CF2CH2CH2F,4.35,82.25,-6.289
emap3_Bn-4OCF3_CH2CF2CH2CHF2,4.255,82.25,-6.52
emap3_Bn-4OCF3_CH2CF2CH2CF3,4.552,82.25,-6.326
emap3_Bn-4OCF3_OCH2CF2CH2CH2F,4.074,91.48,-5.796
emap3_Bn-4OCF3_OCH2CH2CF2CH2CH2F,4.117,91.48,-6.386
emap3_Bn-4OCF3_CH2CH2CF2CH2CH2CHF2,4.515,82.25,-6.601
emap3_Bn-4OCF3_CH2CH2CF2CH2CH2CF3,4.812,82.25,-5.802
emap3_Bn-4CF3_Me,3.256,73.02,-5.676
emap3_Bn-4CF3_Et,3.739,73.02,-5.141
emap3_Bn-4CF3_nPr,4.129,73.02,-4.969
emap3_Bn-4CF3_nBu,4.519,73.02,-5.316
emap3_Bn-4CF3_CH2F,3.646,73.02,-5.117
emap3_Bn-4CF3_CH2CH2F,3.689,73.02,-6.438
emap3_Bn-4CF3_CH2CH2CH2F,4.079,73.02,-5.677
emap3_Bn-4CF3_CH2CHF2,4.114,73.02,-5.959
emap3_Bn-4CF3_CH2CH2CHF2,3.984,73.02,-7.029
emap3_Bn-4CF3_CH2CH2CH2CHF2,4.374,73.02,-6.685
emap3_Bn-4CF3_CH2CF3,4.195,73.02,-5.455
emap3_Bn-4CF3_CH2CH2CF3,4.281,73.02,-5.515
emap3_Bn-4CF3_CH2CH2CH2CF3,4.671,73.02,-5.299
emap3_Bn-4CF3_OCH2F,3.501,82.25,-4.896
emap3_Bn-4CF3_OCH2CHF2,3.839,82.25,-5.696
emap3_Bn-4CF3_OCH2CF3,4.136,82.25,-5.971
emap3_Bn-4CF3_OCH2CH2F,3.543,82.25,-5.371
emap3_Bn-4CF3_OCH2CH2CF3,4.178,82.25,-5.505
emap3_Bn-4CF3_OCH2CH2CHF2,3.881,82.25,-5.272
emap3_Bn-4CF3_OCH2CH2CH2F,3.586,82.25,-5.685
emap3_Bn-4CF3_OCH2CH2CH2CF3,4.569,82.25,-5.823
emap3_Bn-4CF3_CH2SiMe3,4.596,73.02,-5.456
emap3_Bn-4CF3_CH2CH2SiMe3,5.057,73.02,-5.243
emap3_Bn-4CF3_OSiMe3,3.906,82.25,-5.874
emap3_Bn-4CF3_CH2SiEt3,5.767,73.02,-5.299
emap3_Bn-4CF3_tBu,4.474,73.02,-6.021
emap3_Bn-4CF3_BnCH2,5.076,73.02,-6.345
emap3_Bn-4CF3_PhCH2F,5.178,73.02,-7.149
emap3_Bn-4CF3_OCH2CF2H,3.839,82.25,-5.582
emap3_Bn-4CF3_OCH2CH2CF2H,3.881,82.25,-6.503
emap3_Bn-4CF3_CH2CF2H,4.114,73.02,-5.96
emap3_Bn-4CF3_CH2CH2CF2H,3.984,73.02,-5.412
emap3_Bn-4CF3_OCH2CH2CH2CHF2,4.271,82.25,-5.655
emap3_Bn-4CF3_CH2CH2CF2CF3,4.619,73.02,-5.476
emap3_Bn-4CF3_CH2CF2CF3,4.749,73.02,-5.567
emap3_Bn-4CF3_CH2CH2CH2CF2CF3,5.01,73.02,-6.021
emap3_Bn-4CF3_CH2CH2CF2CH3,4.077,73.02,-5.253
emap3_Bn-4CF3_OCH2CF2CF3,4.474,82.25,-6.346
emap3_Bn-4CF3_OCH2CF2CH3,3.932,82.25,-5.621
emap3_Bn-4CF3_OCH2CH2CF2CF3,4.517,82.25,-5.977
emap3_Bn-4CF3_CH2CF2CH2F,4.157,73.02,-5.847
emap3_Bn-4CF3_CH2CH2CF2CH2F,4.027,73.02,-5.477
emap3_Bn-4CF3_OCH2CF2CH2F,3.881,82.25,-5.843
emap3_Bn-4CF3_CH2CH2CF2CH2CHF2,4.322,73.02,-6.407
emap3_Bn-4CF3_CH2CH2CF2CH2CF3,4.619,73.02,-5.308
emap3_Bn-4CF3_OCH2CH2CF2CH2F,3.924,82.25,-5.557
emap3_Bn-4CF3_CH2CH2CF2CH2CH2F,4.417,73.02,-6.557
emap3_Bn-4CF3_CH2CF2CH2CH2F,4.547,73.02,-5.773
emap3_Bn-4CF3_CH2CF2CH2CHF2,4.452,73.02,-5.48
emap3_Bn-4CF3_CH2CF2CH2CF3,4.749,73.02,-5.683
emap3_Bn-4CF3_OCH2CF2CH2CH2F,4.271,82.25,-5.516
emap3_Bn-4CF3_OCH2CH2CF2CH2CH2F,4.314,82.25,-5.262
emap3_Bn-4CF3_CH2CH2CF2CH2CH2CHF2,4.712,73.02,-5.618
emap3_Bn-4CF3_CH2CH2CF2CH2CH2CF3,5.01,73.02,-6.297
emap3_Bn-3CF3_Me,3.256,73.02,-5.689
emap3_Bn-3CF3_Et,3.739,73.02,-5.406
emap3_Bn-3CF3_nPr,4.129,73.02,-5.531
emap3_Bn-3CF3_nBu,4.519,73.02,-6.676
emap3_Bn-3CF3_CH2F,3.646,73.02,-5.377
emap3_Bn-3CF3_CH2CH2F,3.689,73.02,-5.487
emap3_Bn-3CF3_CH2CH2CH2F,4.079,73.02,-6.603
emap3_Bn-3CF3_CH2CHF2,4.114,73.02,-5.007
emap3_Bn-3CF3_CH2CH2CHF2,3.984,73.02,-6.756
emap3_Bn-3CF3_CH2CH2CH2CHF2,4.374,73.02,-6.897
emap3_Bn-3CF3_CH2CF3,4.195,73.02,-7.017
emap3_Bn-3CF3_CH2CH2CF3,4.281,73.02,-6.99
emap3_Bn-3CF3_CH2CH2CH2CF3,4.671,73.02,-6.085
emap3_Bn-3CF3_OCH2F,3.501,82.25,-4.91
emap3_Bn-3CF3_OCH2CHF2,3.839,82.25,-5.492
emap3_Bn-3CF3_OCH2CF3,4.136,82.25,-6.927
emap3_Bn-3CF3_OCH2CH2F,3.543,82.25,-6.864
emap3_Bn-3CF3_OCH2CH2CF3,4.178,82.25,-5.771
emap3_Bn-3CF3_OCH2CH2CHF2,3.881,82.25,-4.919
emap3_Bn-3CF3_OCH2CH2CH2F,3.586,82.25,-5.474
emap3_Bn-3CF3_OCH2CH2CH2CF3,4.569,82.25,-6.697
emap3_Bn-3CF3_CH2SiMe3,4.596,73.02,-6.452
emap3_Bn-3CF3_CH2CH2SiMe3,5.057,73.02,-6.285
emap3_Bn-3CF3_OSiMe3,3.906,82.25,-5.426
emap3_Bn-3CF3_CH2SiEt3,5.767,73.02,-5.304
emap3_Bn-3CF3_tBu,4.474,73.02,-5.405
emap3_Bn-3CF3_BnCH2,5.076,73.02,-6.824
emap3_Bn-3CF3_PhCH2F,5.178,73.02,-5.763
emap3_Bn-3CF3_OCH2CF2H,3.839,82.25,-6.721
emap3_Bn-3CF3_OCH2CH2CF2H,3.881,82.25,-4.935
emap3_Bn-3CF3_CH2CF2H,4.114,73.02,-5.054
emap3_Bn-3CF3_CH2CH2CF2H,3.984,73.02,-5.622
emap3_Bn-3CF3_OCH2CH2CH2CHF2,4.271,82.25,-6.677
emap3_Bn-3CF3_CH2CH2CF2CF3,4.619,73.02,-6.756
emap3_Bn-3CF3_CH2CF2CF3,4.749,73.02,-5.451
emap3_Bn-3CF3_CH2CH2CH2CF2CF3,5.01,73.02,-6.417
emap3_Bn-3CF3_CH2CH2CF2CH3,4.077,73.02,-6.725
emap3_Bn-3CF3_OCH2CF2CF3,4.474,82.25,-6.438
emap3_Bn-3CF3_OCH2CF2CH3,3.932,82.25,-5.519
emap3_Bn-3CF3_OCH2CH2CF2CF3,4.517,82.25,-5.489
emap3_Bn-3CF3_CH2CF2CH2F,4.157,73.02,-6.618
emap3_Bn-3CF3_CH2CH2CF2CH2F,4.027,73.02,-6.618
emap3_Bn-3CF3_OCH2CF2CH2F,3.881,82.25,-5.684
emap3_Bn-3CF3_CH2CH2CF2CH2CHF2,4.322,73.02,-6.652
emap3_Bn-3CF3_CH2CH2CF2CH2CF3,4.619,73.02,-5.19
emap3_Bn-3CF3_OCH2CH2CF2CH2F,3.924,82.25,-5.479
emap3_Bn-3CF3_CH2CH2CF2CH2CH2F,4.417,73.02,-6.465
emap3_Bn-3CF3_CH2CF2CH2CH2F,4.547,73.02,-6.578
emap3_Bn-3CF3_CH2CF2CH2CHF2,4.452,73.02,-5.58
emap3_Bn-3CF3_CH2CF2CH2CF3,4.749,73.02,-5.44
emap3_Bn-3CF3_OCH2CF2CH2CH2F,4.271,82.25,-6.687
emap3_Bn-3CF3_OCH2CH2CF2CH2CH2F,4.314,82.25,-6.697
emap3_Bn-3CF3_CH2CH2CF2CH2CH2CHF2,4.712,73.02,-5.679
emap3_Bn-3CF3_CH2CH2CF2CH2CH2CF3,5.01,73.02,-5.996
emap3_Bn-4CF2H_Me,3.175,73.02,-5.626
emap3_Bn-4CF2H_Et,3.658,73.02,-5.625
emap3_Bn-4CF2H_nPr,4.048,73.02,-5.78
emap3_Bn-4CF2H_nBu,4.438,73.02,-4.946
emap3_Bn-4CF2H_CH2F,3.565,73.02,-5.382
emap3_Bn-4CF2H_CH2CH2F,3.607,73.02,-5.734
emap3_Bn-4CF2H_CH2CH2CH2F,3.997,73.02,-5.913
emap3_Bn-4CF2H_CH2CHF2,4.033,73.02,-5.803
emap3_Bn-4CF2H_CH2CH2CHF2,3.903,73.02,-6.004
emap3_Bn-4CF2H_CH2CH2CH2CHF2,4.293,73.02,-6.627
emap3_Bn-4CF2H_CH2CF3,4.114,73.02,-6.474
emap3_Bn-4CF2H_CH2CH2CF3,4.2,73.02,-6.149
emap3_Bn-4CF2H_CH2CH2CH2CF3,4.59,73.02,-6.485
emap3_Bn-4CF2H_OCH2F,3.419,82.25,-5.51
emap3_Bn-4CF2H_OCH2CHF2,3.758,82.25,-5.534
emap3_Bn-4CF2H_OCH2CF3,4.055,82.25,-4.871
emap3_Bn-4CF2H_OCH2CH2F,3.462,82.25,-5.735
emap3_Bn-4CF2H_OCH2CH2CF3,4.097,82.25,-5.245
emap3_Bn-4CF2H_OCH2CH2CHF2,3.8,82.25,-4.855
emap3_Bn-4CF2H_OCH2CH2CH2F,3.504,82.25,-5.116
emap3_Bn-4CF2H_OCH2CH2CH2CF3,4.487,82.25,-5.73
emap3_Bn-4CF2H_CH2SiMe3,4.515,73.02,-6.2
emap3_Bn-4CF2H_CH2CH2SiMe3,4.976,73.02,-4.801
emap3_Bn-4CF2H_OSiMe3,3.824,82.25,-4.655
emap3_Bn-4CF2H_CH2SiEt3,5.686,73.02,-5.184
emap3_Bn-4CF2H_tBu,4.393,73.02,-6.178
emap3_Bn-4CF2H_BnCH2,4.995,73.02,-6.538
emap3_Bn-4CF2H_PhCH2F,5.097,73.02,-6.696
emap3_Bn-4CF2H_OCH2CF2H,3.758,82.25,-4.822
emap3_Bn-4CF2H_OCH2CH2CF2H,3.8,82.25,-6.39
emap3_Bn-4CF2H_CH2CF2H,4.033,73.02,-5.779
emap3_Bn-4CF2H_CH2CH2CF2H,3.903,73.02,-4.914
emap3_Bn-4CF2H_OCH2CH2CH2CHF2,4.19,82.25,-5.213
emap3_Bn-4CF2H_CH2CH2CF2CF3,4.538,73.02,-6.102
emap3_Bn-4CF2H_CH2CF2CF3,4.668,73.02,-5.862
emap3_Bn-4CF2H_CH2CH2CH2CF2CF3,4.928,73.02,-5.499
emap3_Bn-4CF2H_CH2CH2CF2CH3,3.996,73.02,-6.659
emap3_Bn-4CF2H_OCH2CF2CF3,4.393,82.25,-5.44
emap3_Bn-4CF2H_OCH2CF2CH3,3.85,82.25,-4.953
emap3_Bn-4CF2H_OCH2CH2CF2CF3,4.435,82.25,-5.766
emap3_Bn-4CF2H_CH2CF2CH2F,4.075,73.02,-6.398
emap3_Bn-4CF2H_CH2CH2CF2CH2F,3.945,73.02,-6.396
emap3_Bn-4CF2H_OCH2CF2CH2F,3.8,82.25,-5.129
emap3_Bn-4CF2H_CH2CH2CF2CH2CHF2,4.241,73.02,-4.981
emap3_Bn-4CF2H_CH2CH2CF2CH2CF3,4.538,73.02,-6.259
emap3_Bn-4CF2H_OCH2CH2CF2CH2F,3.843,82.25,-5.124
emap3_Bn-4CF2H_CH2CH2CF2CH2CH2F,4.336,73.02,-5.07
emap3_Bn-4CF2H_CH2CF2CH2CH2F,4.466,73.02,-6.383
emap3_Bn-4CF2H_CH2CF2CH2CHF2,4.371,73.02,-6.27
emap3_Bn-4CF2H_CH2CF2CH2CF3,4.668,73.02,-5.667
emap3_Bn-4CF2H_OCH2CF2CH2CH2F,4.19,82.25,-5.009
emap3_Bn-4CF2H_OCH2CH2CF2CH2CH2F,4.233,82.25,-5.853
emap3_Bn-4CF2H_CH2CH2CF2CH2CH2CHF2,4.631,73.02,-5.995
emap3_Bn-4CF2H_CH2CH2CF2CH2CH2CF3,4.928,73.02,-5.279
"emap3_Bn-3,5diF_Me",2.515,73.02,-6.362
"emap3_Bn-3,5diF_Et",2.998,73.02,-5.203
"emap3_Bn-3,5diF_nPr",3.388,73.02,-6.529
"emap3_Bn-3,5diF_nBu",3.779,73.02,-6.415
"emap3_Bn-3,5diF_CH2F",2.905,73.02,-6.213
"emap3_Bn-3,5diF_CH2CH2F",2.948,73.02,-6.27
"emap3_Bn-3,5diF_CH2CH2CH2F",3.338,73.02,-6.134
"emap3_Bn-3,5diF_CH2CHF2",3.374,73.02,-5.058
"emap3_Bn-3,5diF_CH2CH2CHF2",3.244,73.02,-6.397
"emap3_Bn-3,5diF_CH2CH2CH2CHF2",3.634,73.02,-6.409
"emap3_Bn-3,5diF_CH2CF3",3.455,73.02,-5.83
"emap3_Bn-3,5diF_CH2CH2CF3",3.541,73.02,-6.887
"emap3_Bn-3,5diF_CH2CH2CH2CF3",3.931,73.02,-6.441
"emap3_Bn-3,5diF_OCH2F",2.76,82.25,-6.278
"emap3_Bn-3,5diF_OCH2CHF2",3.098,82.25,-6.495
"emap3_Bn-3,5diF_OCH2CF3",3.395,82.25,-6.469
"emap3_Bn-3,5diF_OCH2CH2F",2.803,82.25,-6.316
"emap3_Bn-3,5diF_OCH2CH2CF3",3.438,82.25,-6.23
"emap3_Bn-3,5diF_OCH2CH2CHF2",3.141,82.25,-6.059
"emap3_Bn-3,5diF_OCH2CH2CH2F",2.845,82.25,-6.019
"emap3_Bn-3,5diF_OCH2CH2CH2CF3",3.828,82.25,-5.549
"emap3_Bn-3,5diF_CH2SiMe3",3.856,73.02,-5.997
"emap3_Bn-3,5diF_CH2CH2SiMe3",4.317,73.02,-6.494
"emap3_Bn-3,5diF_OSiMe3",3.165,82.25,-6.435
"emap3_Bn-3,5diF_CH2SiEt3",5.026,73.02,-6.116
"emap3_Bn-3,5diF_tBu",3.733,73.02,-6.546
"emap3_Bn-3,5diF_BnCH2",4.335,73.02,-6.069
"emap3_Bn-3,5diF_PhCH2F",4.437,73.02,-6.015
"emap3_Bn-3,5diF_OCH2CF2H",3.098,82.25,-6.537
"emap3_Bn-3,5diF_OCH2CH2CF2H",3.141,82.25,-6.129
"emap3_Bn-3,5diF_CH2CF2H",3.374,73.02,-6.302
"emap3_Bn-3,5diF_CH2CH2CF2H",3.244,73.02,-6.441
"emap3_Bn-3,5diF_OCH2CH2CH2CHF2",3.531,82.25,-5.456
"emap3_Bn-3,5diF_CH2CH2CF2CF3",3.879,73.02,-5.359
"emap3_Bn-3,5diF_CH2CF2CF3",4.009,73.02,-7.068
"emap3_Bn-3,5diF_CH2CH2CH2CF2CF3",4.269,73.02,-6.751
"emap3_Bn-3,5diF_CH2CH2CF2CH3",3.336,73.02,-6.518
"emap3_Bn-3,5diF_OCH2CF2CF3",3.733,82.25,-6.572
"emap3_Bn-3,5diF_OCH2CF2CH3",3.191,82.25,-6.489
"emap3_Bn-3,5diF_OCH2CH2CF2CF3",3.776,82.25,-6.24
"emap3_Bn-3,5diF_CH2CF2CH2F",3.416,73.02,-6.28
"emap3_Bn-3,5diF_CH2CH2CF2CH2F",3.286,73.02,-6.211
"emap3_Bn-3,5diF_OCH2CF2CH2F",3.141,82.25,-6.112
"emap3_Bn-3,5diF_CH2CH2CF2CH2CHF2",3.582,73.02,-6.493
"emap3_Bn-3,5diF_CH2CH2CF2CH2CF3",3.879,73.02,-5.354
"emap3_Bn-3,5diF_OCH2CH2CF2CH2F",3.183,82.25,-5.801
"emap3_Bn-3,5diF_CH2CH2CF2CH2CH2F",3.676,73.02,-6.233
"emap3_Bn-3,5diF_CH2CF2CH2CH2F",3.806,73.02,-6.328
"emap3_Bn-3,5diF_CH2CF2CH2CHF2",3.712,73.02,-6.427
"emap3_Bn-3,5diF_CH2CF2CH2CF3",4.009,73.02,-7.072
"emap3_Bn-3,5diF_OCH2CF2CH2CH2F",3.531,82.25,-6.073
"emap3_Bn-3,5diF_OCH2CH2CF2CH2CH2F",3.573,82.25,-6.212
"emap3_Bn-3,5diF_CH2CH2CF2CH2CH2CHF2",3.972,73.02,-5.56
"emap3_Bn-3,5diF_CH2CH2CF2CH2CH2CF3",4.269,73.02,-6.335
"emap3_Bn-3,4diF_Me",2.515,73.02,-6.487
"emap3_Bn-3,4diF_Et",2.998,73.02,-5.167
"emap3_Bn-3,4diF_nPr",3.388,73.02,-4.82
"emap3_Bn-3,4diF_nBu",3.779,73.02,-6.282
"emap3_Bn-3,4diF_CH2F",2.905,73.02,-5.821
"emap3_Bn-3,4diF_CH2CH2F",2.948,73.02,-5.017
"emap3_Bn-3,4diF_CH2CH2CH2F",3.338,73.02,-6.222
"emap3_Bn-3,4diF_CH2CHF2",3.374,73.02,-6.191
"emap3_Bn-3,4diF_CH2CH2CHF2",3.244,73.02,-6.286
"emap3_Bn-3,4diF_CH2CH2CH2CHF2",3.634,73.02,-6.339
"emap3_Bn-3,4diF_CH2CF3",3.455,73.02,-6.144
"emap3_Bn-3,4diF_CH2CH2CF3",3.541,73.02,-6.472
"emap3_Bn-3,4diF_CH2CH2CH2CF3",3.931,73.02,-6.5
"emap3_Bn-3,4diF_OCH2F",2.76,82.25,-6.096
"emap3_Bn-3,4diF_OCH2CHF2",3.098,82.25,-6.405
"emap3_Bn-3,4diF_OCH2CF3",3.395,82.25,-6.49
"emap3_Bn-3,4diF_OCH2CH2F",2.803,82.25,-6.308
"emap3_Bn-3,4diF_OCH2CH2CF3",3.438,82.25,-6.334
"emap3_Bn-3,4diF_OCH2CH2CHF2",3.141,82.25,-6.159
"emap3_Bn-3,4diF_OCH2CH2CH2F",2.845,82.25,-6.254
"emap3_Bn-3,4diF_OCH2CH2CH2CF3",3.828,82.25,-6.512
"emap3_Bn-3,4diF_CH2SiMe3",3.856,73.02,-6.238
"emap3_Bn-3,4diF_CH2CH2SiMe3",4.317,73.02,-6.258
"emap3_Bn-3,4diF_OSiMe3",3.165,82.25,-6.433
"emap3_Bn-3,4diF_CH2SiEt3",5.026,73.02,-5.909
"emap3_Bn-3,4diF_tBu",3.733,73.02,-6.189
"emap3_Bn-3,4diF_BnCH2",4.335,73.02,-6.513
"emap3_Bn-3,4diF_PhCH2F",4.437,73.02,-6.694
"emap3_Bn-3,4diF_OCH2CF2H",3.098,82.25,-6.369
"emap3_Bn-3,4diF_OCH2CH2CF2H",3.141,82.25,-6.231
"emap3_Bn-3,4diF_CH2CF2H",3.374,73.02,-5.237
"emap3_Bn-3,4diF_CH2CH2CF2H",3.244,73.02,-6.269
"emap3_Bn-3,4diF_OCH2CH2CH2CHF2",3.531,82.25,-6.239
"emap3_Bn-3,4diF_CH2CH2CF2CF3",3.879,73.02,-6.603
"emap3_Bn-3,4diF_CH2CF2CF3",4.009,73.02,-6.511
"emap3_Bn-3,4diF_CH2CH2CH2CF2CF3",4.269,73.02,-6.103
"emap3_Bn-3,4diF_CH2CH2CF2CH3",3.336,73.02,-6.312
"emap3_Bn-3,4diF_OCH2CF2CF3",3.733,82.25,-5.644
"emap3_Bn-3,4diF_OCH2CF2CH3",3.191,82.25,-6.542
"emap3_Bn-3,4diF_OCH2CH2CF2CF3",3.776,82.25,-5.591
"emap3_Bn-3,4diF_CH2CF2CH2F",3.416,73.02,-6.146
"emap3_Bn-3,4diF_CH2CH2CF2CH2F",3.286,73.02,-6.463
"emap3_Bn-3,4diF_OCH2CF2CH2F",3.141,82.25,-6.101
"emap3_Bn-3,4diF_CH2CH2CF2CH2CHF2",3.582,73.02,-6.52
"emap3_Bn-3,4diF_CH2CH2CF2CH2CF3",3.879,73.02,-6.608
"emap3_Bn-3,4diF_OCH2CH2CF2CH2F",3.183,82.25,-5.485
"emap3_Bn-3,4diF_CH2CH2CF2CH2CH2F",3.676,73.02,-6.261
"emap3_Bn-3,4diF_CH2CF2CH2CH2F",3.806,73.02,-6.357
"emap3_Bn-3,4diF_CH2CF2CH2CHF2",3.712,73.02,-6.283
"emap3_Bn-3,4diF_CH2CF2CH2CF3",4.009,73.02,-6.515
"emap3_Bn-3,4diF_OCH2CF2CH2CH2F",3.531,82.25,-5.506
"emap3_Bn-3,4diF_OCH2CH2CF2CH2CH2F",3.573,82.25,-5.6
"emap3_Bn-3,4diF_CH2CH2CF2CH2CH2CHF2",3.972,73.02,-5.824
"emap3_Bn-3,4diF_CH2CH2CF2CH2CH2CF3",4.269,73.02,-6.558
"emap3_Bn-2,6diF_Me",2.515,73.02,-4.988
"emap3_Bn-2,6diF_Et",2.998,73.02,-6.225
"emap3_Bn-2,6diF_nPr",3.388,73.02,-6.376
"emap3_Bn-2,6diF_nBu",3.779,73.02,-6.171
"emap3_Bn-2,6diF_CH2F",2.905,73.02,-5.994
"emap3_Bn-2,6diF_CH2CH2F",2.948,73.02,-6.222
"emap3_Bn-2,6diF_CH2CH2CH2F",3.338,73.02,-6.158
"emap3_Bn-2,6diF_CH2CHF2",3.374,73.02,-6.22
"emap3_Bn-2,6diF_CH2CH2CHF2",3.244,73.02,-6.61
"emap3_Bn-2,6diF_CH2CH2CH2CHF2",3.634,73.02,-6.362
"emap3_Bn-2,6diF_CH2CF3",3.455,73.02,-6.299
"emap3_Bn-2,6diF_CH2CH2CF3",3.541,73.02,-6.17
"emap3_Bn-2,6diF_CH2CH2CH2CF3",3.931,73.02,-6.862
"emap3_Bn-2,6diF_OCH2F",2.76,82.25,-6.188
"emap3_Bn-2,6diF_OCH2CHF2",3.098,82.25,-4.983
"emap3_Bn-2,6diF_OCH2CF3",3.395,82.25,-6.569
"emap3_Bn-2,6diF_OCH2CH2F",2.803,82.25,-6.13
"emap3_Bn-2,6diF_OCH2CH2CF3",3.438,82.25,-6.265
"emap3_Bn-2,6diF_OCH2CH2CHF2",3.141,82.25,-6.048
"emap3_Bn-2,6diF_OCH2CH2CH2F",2.845,82.25,-6.197
"emap3_Bn-2,6diF_OCH2CH2CH2CF3",3.828,82.25,-6.335
"emap3_Bn-2,6diF_CH2SiMe3",3.856,73.02,-6.126
"emap3_Bn-2,6diF_CH2CH2SiMe3",4.317,73.02,-5.99
"emap3_Bn-2,6diF_OSiMe3",3.165,82.25,-6.414
"emap3_Bn-2,6diF_CH2SiEt3",5.026,73.02,-5.963
"emap3_Bn-2,6diF_tBu",3.733,73.02,-6.323
"emap3_Bn-2,6diF_BnCH2",4.335,73.02,-6.832
"emap3_Bn-2,6diF_PhCH2F",4.437,73.02,-6.489
"emap3_Bn-2,6diF_OCH2CF2H",3.098,82.25,-6.555
"emap3_Bn-2,6diF_OCH2CH2CF2H",3.141,82.25,-6.095
"emap3_Bn-2,6diF_CH2CF2H",3.374,73.02,-6.217
"emap3_Bn-2,6diF_CH2CH2CF2H",3.244,73.02,-6.669
"emap3_Bn-2,6diF_OCH2CH2CH2CHF2",3.531,82.25,-5.396
"emap3_Bn-2,6diF_CH2CH2CF2CF3",3.879,73.02,-6.658
"emap3_Bn-2,6diF_CH2CF2CF3",4.009,73.02,-6.45
"emap3_Bn-2,6diF_CH2CH2CH2CF2CF3",4.269,73.02,-6.445
"emap3_Bn-2,6diF_CH2CH2CF2CH3",3.336,73.02,-6.704
"emap3_Bn-2,6diF_OCH2CF2CF3",3.733,82.25,-6.48
"emap3_Bn-2,6diF_OCH2CF2CH3",3.191,82.25,-6.211
"emap3_Bn-2,6diF_OCH2CH2CF2CF3",3.776,82.25,-5.411
"emap3_Bn-2,6diF_CH2CF2CH2F",3.416,73.02,-6.085
"emap3_Bn-2,6diF_CH2CH2CF2CH2F",3.286,73.02,-6.408
"emap3_Bn-2,6diF_OCH2CF2CH2F",3.141,82.25,-6.513
"emap3_Bn-2,6diF_CH2CH2CF2CH2CHF2",3.582,73.02,-6.318
"emap3_Bn-2,6diF_CH2CH2CF2CH2CF3",3.879,73.02,-6.633
"emap3_Bn-2,6diF_OCH2CH2CF2CH2F",3.183,82.25,-4.888
"emap3_Bn-2,6diF_CH2CH2CF2CH2CH2F",3.676,73.02,-6.318
"emap3_Bn-2,6diF_CH2CF2CH2CH2F",3.806,73.02,-6.499
"emap3_Bn-2,6diF_CH2CF2CH2CHF2",3.712,73.02,-6.915
"emap3_Bn-2,6diF_CH2CF2CH2CF3",4.009,73.02,-6.924
"emap3_Bn-2,6diF_OCH2CF2CH2CH2F",3.531,82.25,-5.258
"emap3_Bn-2,6diF_OCH2CH2CF2CH2CH2F",3.573,82.25,-5.432
"emap3_Bn-2,6diF_CH2CH2CF2CH2CH2CHF2",3.972,73.02,-6.482
"emap3_Bn-2,6diF_CH2CH2CF2CH2CH2CF3",4.269,73.02,-6.694
"emap3_Bn-3,4diCl_Me",3.544,73.02,-6.572
"emap3_Bn-3,4diCl_Et",4.027,73.02,-4.938
"emap3_Bn-3,4diCl_nPr",4.417,73.02,-5.201
"emap3_Bn-3,4diCl_nBu",4.807,73.02,-5.271
"emap3_Bn-3,4diCl_CH2F",3.934,73.02,-5.306
"emap3_Bn-3,4diCl_CH2CH2F",3.977,73.02,-6.671
"emap3_Bn-3,4diCl_CH2CH2CH2F",4.367,73.02,-6.062
"emap3_Bn-3,4diCl_CH2CHF2",4.402,73.02,-5.549
"emap3_Bn-3,4diCl_CH2CH2CHF2",4.272,73.02,-6.34
"emap3_Bn-3,4diCl_CH2CH2CH2CHF2",4.662,73.02,-6.585
"emap3_Bn-3,4diCl_CH2CF3",4.483,73.02,-6.105
"emap3_Bn-3,4diCl_CH2CH2CF3",4.569,73.02,-6.583
"emap3_Bn-3,4diCl_CH2CH2CH2CF3",4.959,73.02,-6.54
"emap3_Bn-3,4diCl_OCH2F",3.789,82.25,-6.604
"emap3_Bn-3,4diCl_OCH2CHF2",4.127,82.25,-6.381
"emap3_Bn-3,4diCl_OCH2CF3",4.424,82.25,-6.536
"emap3_Bn-3,4diCl_OCH2CH2F",3.831,82.25,-6.043
"emap3_Bn-3,4diCl_OCH2CH2CF3",4.466,82.25,-6.47
"emap3_Bn-3,4diCl_OCH2CH2CHF2",4.169,82.25,-6.446
"emap3_Bn-3,4diCl_OCH2CH2CH2F",3.874,82.25,-6.132
"emap3_Bn-3,4diCl_OCH2CH2CH2CF3",4.857,82.25,-6.098
"emap3_Bn-3,4diCl_CH2SiMe3",4.884,73.02,-6.411
"emap3_Bn-3,4diCl_CH2CH2SiMe3",5.345,73.02,-6.247
"emap3_Bn-3,4diCl_OSiMe3",4.194,82.25,-6.562
"emap3_Bn-3,4diCl_CH2SiEt3",6.055,73.02,-6.161
"emap3_Bn-3,4diCl_tBu",4.762,73.02,-6.316
"emap3_Bn-3,4diCl_BnCH2",5.364,73.02,-6.939
"emap3_Bn-3,4diCl_PhCH2F",5.466,73.02,-6.928
"emap3_Bn-3,4diCl_OCH2CF2H",4.127,82.25,-6.477
"emap3_Bn-3,4diCl_OCH2CH2CF2H",4.169,82.25,-6.434
"emap3_Bn-3,4diCl_CH2CF2H",4.402,73.02,-5.547
"emap3_Bn-3,4diCl_CH2CH2CF2H",4.272,73.02,-6.385
"emap3_Bn-3,4diCl_OCH2CH2CH2CHF2",4.559,82.25,-6.451
"emap3_Bn-3,4diCl_CH2CH2CF2CF3",4.907,73.02,-6.631
"emap3_Bn-3,4diCl_CH2CF2CF3",5.037,73.02,-6.241
"emap3_Bn-3,4diCl_CH2CH2CH2CF2CF3",5.298,73.02,-6.68
"emap3_Bn-3,4diCl_CH2CH2CF2CH3",4.365,73.02,-6.49
"emap3_Bn-3,4diCl_OCH2CF2CF3",4.762,82.25,-6.427
"emap3_Bn-3,4diCl_OCH2CF2CH3",4.22,82.25,-6.388
"emap3_Bn-3,4diCl_OCH2CH2CF2CF3",4.805,82.25,-6.32
"emap3_Bn-3,4diCl_CH2CF2CH2F",4.445,73.02,-6.376
"emap3_Bn-3,4diCl_CH2CH2CF2CH2F",4.315,73.02,-6.399
"emap3_Bn-3,4diCl_OCH2CF2CH2F",4.169,82.25,-6.263
"emap3_Bn-3,4diCl_CH2CH2CF2CH2CHF2",4.61,73.02,-6.558
"emap3_Bn-3,4diCl_CH2CH2CF2CH2CF3",4.907,73.02,-6.684
"emap3_Bn-3,4diCl_OCH2CH2CF2CH2F",4.212,82.25,-6.404
"emap3_Bn-3,4diCl_CH2CH2CF2CH2CH2F",4.705,73.02,-6.238
"emap3_Bn-3,4diCl_CH2CF2CH2CH2F",4.835,73.02,-6.354
"emap3_Bn-3,4diCl_CH2CF2CH2CHF2",4.74,73.02,-6.709
"emap3_Bn-3,4diCl_CH2CF2CH2CF3",5.037,73.02,-6.514
"emap3_Bn-3,4diCl_OCH2CF2CH2CH2F",4.559,82.25,-5.124
"emap3_Bn-3,4diCl_OCH2CH2CF2CH2CH2F",4.602,82.25,-6.153
"emap3_Bn-3,4diCl_CH2CH2CF2CH2CH2CHF2",5,73.02,-5.535
"emap3_Bn-3,4diCl_CH2CH2CF2CH2CH2CF3",5.298,73.02,-6.634
"emap3_Bn-3,5diCl_Me",3.544,73.02,-5.461
"emap3_Bn-3,5diCl_Et",4.027,73.02,-4.89
"emap3_Bn-3,5diCl_nPr",4.417,73.02,-6.327
"emap3_Bn-3,5diCl_nBu",4.807,73.02,-6.329
"emap3_Bn-3,5diCl_CH2F",3.934,73.02,-4.953
"emap3_Bn-3,5diCl_CH2CH2F",3.977,73.02,-6.233
"emap3_Bn-3,5diCl_CH2CH2CH2F",4.367,73.02,-6.306
"emap3_Bn-3,5diCl_CH2CHF2",4.402,73.02,-4.67
"emap3_Bn-3,5diCl_CH2CH2CHF2",4.272,73.02,-6.283
"emap3_Bn-3,5diCl_CH2CH2CH2CHF2",4.662,73.02,-6.15
"emap3_Bn-3,5diCl_CH2CF3",4.483,73.02,-6.379
"emap3_Bn-3,5diCl_CH2CH2CF3",4.569,73.02,-6.17
"emap3_Bn-3,5diCl_CH2CH2CH2CF3",4.959,73.02,-6.512
"emap3_Bn-3,5diCl_OCH2F",3.789,82.25,-6.214
"emap3_Bn-3,5diCl_OCH2CHF2",4.127,82.25,-5.739
"emap3_Bn-3,5diCl_OCH2CF3",4.424,82.25,-6.561
"emap3_Bn-3,5diCl_OCH2CH2F",3.831,82.25,-6.056
"emap3_Bn-3,5diCl_OCH2CH2CF3",4.466,82.25,-6.225
"emap3_Bn-3,5diCl_OCH2CH2CHF2",4.169,82.25,-6.284
"emap3_Bn-3,5diCl_OCH2CH2CH2F",3.874,82.25,-5.716
"emap3_Bn-3,5diCl_OCH2CH2CH2CF3",4.857,82.25,-5.384
"emap3_Bn-3,5diCl_CH2SiMe3",4.884,73.02,-5.39
"emap3_Bn-3,5diCl_CH2CH2SiMe3",5.345,73.02,-6.03
"emap3_Bn-3,5diCl_OSiMe3",4.194,82.25,-5.583
"emap3_Bn-3,5diCl_CH2SiEt3",6.055,73.02,-5.373
"emap3_Bn-3,5diCl_tBu",4.762,73.02,-6.327
"emap3_Bn-3,5diCl_BnCH2",5.364,73.02,-6.452
"emap3_Bn-3,5diCl_PhCH2F",5.466,73.02,-6.797
"emap3_Bn-3,5diCl_OCH2CF2H",4.127,82.25,-6.259
"emap3_Bn-3,5diCl_OCH2CH2CF2H",4.169,82.25,-6.295
"emap3_Bn-3,5diCl_CH2CF2H",4.402,73.02,-6.234
"emap3_Bn-3,5diCl_CH2CH2CF2H",4.272,73.02,-6.367
"emap3_Bn-3,5diCl_OCH2CH2CH2CHF2",4.559,82.25,-5.836
"emap3_Bn-3,5diCl_CH2CH2CF2CF3",4.907,73.02,-6.351
"emap3_Bn-3,5diCl_CH2CF2CF3",5.037,73.02,-7.118
"emap3_Bn-3,5diCl_CH2CH2CH2CF2CF3",5.298,73.02,-5.81
"emap3_Bn-3,5diCl_CH2CH2CF2CH3",4.365,73.02,-6.412
"emap3_Bn-3,5diCl_OCH2CF2CF3",4.762,82.25,-5.924
"emap3_Bn-3,5diCl_OCH2CF2CH3",4.22,82.25,-5.815
"emap3_Bn-3,5diCl_OCH2CH2CF2CF3",4.805,82.25,-6.52
"emap3_Bn-3,5diCl_CH2CF2CH2F",4.445,73.02,-6.328
"emap3_Bn-3,5diCl_CH2CH2CF2CH2F",4.315,73.02,-5.777
"emap3_Bn-3,5diCl_OCH2CF2CH2F",4.169,82.25,-6.12
"emap3_Bn-3,5diCl_CH2CH2CF2CH2CHF2",4.61,73.02,-6.383
"emap3_Bn-3,5diCl_CH2CH2CF2CH2CF3",4.907,73.02,-6.339
"emap3_Bn-3,5diCl_OCH2CH2CF2CH2F",4.212,82.25,-5.7
"emap3_Bn-3,5diCl_CH2CH2CF2CH2CH2F",4.705,73.02,-6.287
"emap3_Bn-3,5diCl_CH2CF2CH2CH2F",4.835,73.02,-6.602
"emap3_Bn-3,5diCl_CH2CF2CH2CHF2",4.74,73.02,-6.82
"emap3_Bn-3,5diCl_CH2CF2CH2CF3",5.037,73.02,-7.132
"emap3_Bn-3,5diCl_OCH2CF2CH2CH2F",4.559,82.25,-5.928
"emap3_Bn-3,5diCl_OCH2CH2CF2CH2CH2F",4.602,82.25,-5.001
"emap3_Bn-3,5diCl_CH2CH2CF2CH2CH2CHF2",5,73.02,-6.135
"emap3_Bn-3,5diCl_CH2CH2CF2CH2CH2CF3",5.298,73.02,-6.108
emap3_Bn-4iPr_Me,3.361,73.02,-5.683
emap3_Bn-4iPr_Et,3.844,73.02,-5.746
emap3_Bn-4iPr_nPr,4.234,73.02,-4.896
emap3_Bn-4iPr_nBu,4.624,73.02,-4.692
emap3_Bn-4iPr_CH2F,3.751,73.02,-5.739
emap3_Bn-4iPr_CH2CH2F,3.793,73.02,-4.797
emap3_Bn-4iPr_CH2CH2CH2F,4.183,73.02,-5.144
emap3_Bn-4iPr_CH2CHF2,4.219,73.02,-5.922
emap3_Bn-4iPr_CH2CH2CHF2,4.089,73.02,-6.756
emap3_Bn-4iPr_CH2CH2CH2CHF2,4.479,73.02,-6.627
emap3_Bn-4iPr_CH2CF3,4.3,73.02,-5.3
emap3_Bn-4iPr_CH2CH2CF3,4.386,73.02,-5.208
emap3_Bn-4iPr_CH2CH2CH2CF3,4.776,73.02,-5.441
emap3_Bn-4iPr_OCH2F,3.605,82.25,-4.775
emap3_Bn-4iPr_OCH2CHF2,3.943,82.25,-5.254
emap3_Bn-4iPr_OCH2CF3,4.241,82.25,-5.53
emap3_Bn-4iPr_OCH2CH2F,3.648,82.25,-5.431
emap3_Bn-4iPr_OCH2CH2CF3,4.283,82.25,-5.362
emap3_Bn-4iPr_OCH2CH2CHF2,3.986,82.25,-5.041
emap3_Bn-4iPr_OCH2CH2CH2F,3.69,82.25,-4.7
emap3_Bn-4iPr_OCH2CH2CH2CF3,4.673,82.25,-5.658
emap3_Bn-4iPr_CH2SiMe3,4.701,73.02,-4.768
emap3_Bn-4iPr_CH2CH2SiMe3,5.162,73.02,-4.824
emap3_Bn-4iPr_OSiMe3,4.01,82.25,-4.707
emap3_Bn-4iPr_CH2SiEt3,5.871,73.02,-5.121
emap3_Bn-4iPr_tBu,4.579,73.02,-5.022
emap3_Bn-4iPr_BnCH2,5.18,73.02,-6.126
emap3_Bn-4iPr_PhCH2F,5.282,73.02,-6.797
emap3_Bn-4iPr_OCH2CF2H,3.943,82.25,-6.625
emap3_Bn-4iPr_OCH2CH2CF2H,3.986,82.25,-6.655
emap3_Bn-4iPr_CH2CF2H,4.219,73.02,-5.966
emap3_Bn-4iPr_CH2CH2CF2H,4.089,73.02,-6.72
emap3_Bn-4iPr_OCH2CH2CH2CHF2,4.376,82.25,-5.296
emap3_Bn-4iPr_CH2CH2CF2CF3,4.724,73.02,-6.769
emap3_Bn-4iPr_CH2CF2CF3,4.854,73.02,-5.561
emap3_Bn-4iPr_CH2CH2CH2CF2CF3,5.114,73.02,-5.578
emap3_Bn-4iPr_CH2CH2CF2CH3,4.182,73.02,-6.556
emap3_Bn-4iPr_OCH2CF2CF3,4.579,82.25,-5.676
emap3_Bn-4iPr_OCH2CF2CH3,4.036,82.25,-5.389
emap3_Bn-4iPr_OCH2CH2CF2CF3,4.621,82.25,-5.821
emap3_Bn-4iPr_CH2CF2CH2F,4.261,73.02,-4.922
emap3_Bn-4iPr_CH2CH2CF2CH2F,4.131,73.02,-6.449
emap3_Bn-4iPr_OCH2CF2CH2F,3.986,82.25,-4.926
emap3_Bn-4iPr_CH2CH2CF2CH2CHF2,4.427,73.02,-5.366
emap3_Bn-4iPr_CH2CH2CF2CH2CF3,4.724,73.02,-6.75
emap3_Bn-4iPr_OCH2CH2CF2CH2F,4.028,82.25,-5.126
emap3_Bn-4iPr_CH2CH2CF2CH2CH2F,4.521,73.02,-6.361
emap3_Bn-4iPr_CH2CF2CH2CH2F,4.651,73.02,-6.472
emap3_Bn-4iPr_CH2CF2CH2CHF2,4.557,73.02,-4.914
emap3_Bn-4iPr_CH2CF2CH2CF3,4.854,73.02,-5.266
emap3_Bn-4iPr_OCH2CF2CH2CH2F,4.376,82.25,-5.51
emap3_Bn-4iPr_OCH2CH2CF2CH2CH2F,4.418,82.25,-5.135
emap3_Bn-4iPr_CH2CH2CF2CH2CH2CHF2,4.817,73.02,-6.546
emap3_Bn-4iPr_CH2CH2CF2CH2CH2CF3,5.114,73.02,-5.624
emap3_Bn-4CN_Me,1.911,96.81,-5.415
emap3_Bn-4CN_Et,2.394,96.81,-5.294
emap3_Bn-4CN_nPr,2.784,96.81,-5.102
emap3_Bn-4CN_nBu,3.174,96.81,-6.015
emap3_Bn-4CN_CH2F,2.301,96.81,-5.237
emap3_Bn-4CN_CH2CH2F,2.343,96.81,-5.641
emap3_Bn-4CN_CH2CH2CH2F,2.733,96.81,-6.104
emap3_Bn-4CN_CH2CHF2,2.769,96.81,-6.024
emap3_Bn-4CN_CH2CH2CHF2,2.639,96.81,-5.677
emap3_Bn-4CN_CH2CH2CH2CHF2,3.029,96.81,-5.611
emap3_Bn-4CN_CH2CF3,2.85,96.81,-6.049
emap3_Bn-4CN_CH2CH2CF3,2.936,96.81,-5.503
emap3_Bn-4CN_CH2CH2CH2CF3,3.326,96.81,-5.447
emap3_Bn-4CN_OCH2F,2.155,106.04,-5.617
emap3_Bn-4CN_OCH2CHF2,2.493,106.04,-5.726
emap3_Bn-4CN_OCH2CF3,2.791,106.04,-5.784
emap3_Bn-4CN_OCH2CH2F,2.198,106.04,-6.069
emap3_Bn-4CN_OCH2CH2CF3,2.833,106.04,-6.306
emap3_Bn-4CN_OCH2CH2CHF2,2.536,106.04,-5.617
emap3_Bn-4CN_OCH2CH2CH2F,2.24,106.04,-5.359
emap3_Bn-4CN_OCH2CH2CH2CF3,3.223,106.04,-5.842
emap3_Bn-4CN_CH2SiMe3,3.251,96.81,-5.399
emap3_Bn-4CN_CH2CH2SiMe3,3.712,96.81,-5.991
emap3_Bn-4CN_OSiMe3,2.56,106.04,-5.612
emap3_Bn-4CN_CH2SiEt3,4.421,96.81,-5.445
emap3_Bn-4CN_tBu,3.129,96.81,-5.668
emap3_Bn-4CN_BnCH2,3.73,96.81,-6.139
emap3_Bn-4CN_PhCH2F,3.832,96.81,-6.189
emap3_Bn-4CN_OCH2CF2H,2.493,106.04,-5.646
emap3_Bn-4CN_OCH2CH2CF2H,2.536,106.04,-5.423
emap3_Bn-4CN_CH2CF2H,2.769,96.81,-6.064
emap3_Bn-4CN_CH2CH2CF2H,2.639,96.81,-5.66
emap3_Bn-4CN_OCH2CH2CH2CHF2,2.926,106.04,-4.901
emap3_Bn-4CN_CH2CH2CF2CF3,3.274,96.81,-6.331
emap3_Bn-4CN_CH2CF2CF3,3.404,96.81,-5.606
emap3_Bn-4CN_CH2CH2CH2CF2CF3,3.664,96.81,-5.284
emap3_Bn-4CN_CH2CH2CF2CH3,2.732,96.81,-6.202
emap3_Bn-4CN_OCH2CF2CF3,3.129,106.04,-5.88
emap3_Bn-4CN_OCH2CF2CH3,2.586,106.04,-5.628
emap3_Bn-4CN_OCH2CH2CF2CF3,3.171,106.04,-5.425
emap3_Bn-4CN_CH2CF2CH2F,2.811,96.81,-6.129
emap3_Bn-4CN_CH2CH2CF2CH2F,2.681,96.81,-5.389
emap3_Bn-4CN_OCH2CF2CH2F,2.536,106.04,-6.22
emap3_Bn-4CN_CH2CH2CF2CH2CHF2,2.977,96.81,-5.652
emap3_Bn-4CN_CH2CH2CF2CH2CF3,3.274,96.81,-6.371
emap3_Bn-4CN_OCH2CH2CF2CH2F,2.578,106.04,-5.505
emap3_Bn-4CN_CH2CH2CF2CH2CH2F,3.071,96.81,-5.52
emap3_Bn-4CN_CH2CF2CH2CH2F,3.201,96.81,-6.207
emap3_Bn-4CN_CH2CF2CH2CHF2,3.107,96.81,-6.579
emap3_Bn-4CN_CH2CF2CH2CF3,3.404,96.81,-5.542
emap3_Bn-4CN_OCH2CF2CH2CH2F,2.926,106.04,-5.755
emap3_Bn-4CN_OCH2CH2CF2CH2CH2F,2.969,106.04,-4.975
emap3_Bn-4CN_CH2CH2CF2CH2CH2CHF2,3.367,96.81,-6.035
emap3_Bn-4CN_CH2CH2CF2CH2CH2CF3,3.664,96.81,-5.896
emap3_Bn-4SF5_Me,4.895,73.02,-7.271
emap3_Bn-4SF5_Et,5.378,73.02,-7.206
emap3_Bn-4SF5_nPr,5.768,73.02,-6.635
emap3_Bn-4SF5_nBu,6.158,73.02,-6.876
emap3_Bn-4SF5_CH2F,5.285,73.02,-7.301
emap3_Bn-4SF5_CH2CH2F,5.327,73.02,-7.68
emap3_Bn-4SF5_CH2CH2CH2F,5.717,73.02,-7.319
emap3_Bn-4SF5_CH2CHF2,5.753,73.02,-7.144
emap3_Bn-4SF5_CH2CH2CHF2,5.623,73.02,-8.249
emap3_Bn-4SF5_CH2CH2CH2CHF2,6.013,73.02,-7.19
emap3_Bn-4SF5_CH2CF3,5.834,73.02,-7.941
emap3_Bn-4SF5_CH2CH2CF3,5.92,73.02,-7.054
emap3_Bn-4SF5_CH2CH2CH2CF3,6.31,73.02,-7.411
emap3_Bn-4SF5_OCH2F,5.139,82.25,-7.568
emap3_Bn-4SF5_OCH2CHF2,5.477,82.25,-7.531
emap3_Bn-4SF5_OCH2CF3,5.775,82.25,-8.178
emap3_Bn-4SF5_OCH2CH2F,5.182,82.25,-7.919
emap3_Bn-4SF5_OCH2CH2CF3,5.817,82.25,-6.868
emap3_Bn-4SF5_OCH2CH2CHF2,5.52,82.25,-6.997
emap3_Bn-4SF5_OCH2CH2CH2F,5.224,82.25,-6.739
emap3_Bn-4SF5_OCH2CH2CH2CF3,6.207,82.25,-6.585
emap3_Bn-4SF5_CH2SiMe3,6.235,73.02,-6.45
emap3_Bn-4SF5_CH2CH2SiMe3,6.696,73.02,-7.16
emap3_Bn-4SF5_OSiMe3,5.544,82.25,-7.115
emap3_Bn-4SF5_CH2SiEt3,7.405,73.02,-6.722
emap3_Bn-4SF5_tBu,6.113,73.02,-7.124
emap3_Bn-4SF5_BnCH2,6.714,73.02,-6.739
emap3_Bn-4SF5_PhCH2F,6.816,73.02,-6.261
emap3_Bn-4SF5_OCH2CF2H,5.477,82.25,-7.532
emap3_Bn-4SF5_OCH2CH2CF2H,5.52,82.25,-6.863
emap3_Bn-4SF5_CH2CF2H,5.753,73.02,-7.161
emap3_Bn-4SF5_CH2CH2CF2H,5.623,73.02,-8.232
emap3_Bn-4SF5_OCH2CH2CH2CHF2,5.91,82.25,-6.073
emap3_Bn-4SF5_CH2CH2CF2CF3,6.258,73.02,-8.509
emap3_Bn-4SF5_CH2CF2CF3,6.388,73.02,-6.684
emap3_Bn-4SF5_CH2CH2CH2CF2CF3,6.648,73.02,-6.334
emap3_Bn-4SF5_CH2CH2CF2CH3,5.716,73.02,-7.673
emap3_Bn-4SF5_OCH2CF2CF3,6.113,82.25,-7.664
emap3_Bn-4SF5_OCH2CF2CH3,5.57,82.25,-7.619
emap3_Bn-4SF5_OCH2CH2CF2CF3,6.155,82.25,-7.011
emap3_Bn-4SF5_CH2CF2CH2F,5.795,73.02,-7.109
emap3_Bn-4SF5_CH2CH2CF2CH2F,5.665,73.02,-6.801
emap3_Bn-4SF5_OCH2CF2CH2F,5.52,82.25,-7.517
emap3_Bn-4SF5_CH2CH2CF2CH2CHF2,5.961,73.02,-7.509
emap3_Bn-4SF5_CH2CH2CF2CH2CF3,6.258,73.02,-8.387
emap3_Bn-4SF5_OCH2CH2CF2CH2F,5.562,82.25,-6.389
emap3_Bn-4SF5_CH2CH2CF2CH2CH2F,6.055,73.02,-7.083
emap3_Bn-4SF5_CH2CF2CH2CH2F,6.185,73.02,-7.393
emap3_Bn-4SF5_CH2CF2CH2CHF2,6.091,73.02,-6.95
emap3_Bn-4SF5_CH2CF2CH2CF3,6.388,73.02,-6.714
emap3_Bn-4SF5_OCH2CF2CH2CH2F,5.91,82.25,-6.053
emap3_Bn-4SF5_OCH2CH2CF2CH2CH2F,5.952,82.25,-6.711
emap3_Bn-4SF5_CH2CH2CF2CH2CH2CHF2,6.351,73.02,-6.998
emap3_Bn-4SF5_CH2CH2CF2CH2CH2CF3,6.648,73.02,-7.507
emap3_Bn-3SF5_Me,4.895,73.02,-7.151
emap3_Bn-3SF5_Et,5.378,73.02,-7.159
emap3_Bn-3SF5_nPr,5.768,73.02,-6.473
emap3_Bn-3SF5_nBu,6.158,73.02,-6.783
emap3_Bn-3SF5_CH2F,5.285,73.02,-8.06
emap3_Bn-3SF5_CH2CH2F,5.327,73.02,-6.532
emap3_Bn-3SF5_CH2CH2CH2F,5.717,73.02,-6.852
emap3_Bn-3SF5_CH2CHF2,5.753,73.02,-7.009
emap3_Bn-3SF5_CH2CH2CHF2,5.623,73.02,-6.553
emap3_Bn-3SF5_CH2CH2CH2CHF2,6.013,73.02,-6.914
emap3_Bn-3SF5_CH2CF3,5.834,73.02,-6.815
emap3_Bn-3SF5_CH2CH2CF3,5.92,73.02,-7.237
emap3_Bn-3SF5_CH2CH2CH2CF3,6.31,73.02,-7.858
emap3_Bn-3SF5_OCH2F,5.139,82.25,-6.077
emap3_Bn-3SF5_OCH2CHF2,5.477,82.25,-7.37
emap3_Bn-3SF5_OCH2CF3,5.775,82.25,-6.587
emap3_Bn-3SF5_OCH2CH2F,5.182,82.25,-7.015
emap3_Bn-3SF5_OCH2CH2CF3,5.817,82.25,-7.816
emap3_Bn-3SF5_OCH2CH2CHF2,5.52,82.25,-7.398
emap3_Bn-3SF5_OCH2CH2CH2F,5.224,82.25,-6.947
emap3_Bn-3SF5_OCH2CH2CH2CF3,6.207,82.25,-8.085
emap3_Bn-3SF5_CH2SiMe3,6.235,73.02,-6.756
emap3_Bn-3SF5_CH2CH2SiMe3,6.696,73.02,-7.478
emap3_Bn-3SF5_OSiMe3,5.544,82.25,-6.159
emap3_Bn-3SF5_CH2SiEt3,7.405,73.02,-7.802
emap3_Bn-3SF5_tBu,6.113,73.02,-6.866
emap3_Bn-3SF5_BnCH2,6.714,73.02,-8.907
emap3_Bn-3SF5_PhCH2F,6.816,73.02,-8.016
emap3_Bn-3SF5_OCH2CF2H,5.477,82.25,-7.373
emap3_Bn-3SF5_OCH2CH2CF2H,5.52,82.25,-7.308
emap3_Bn-3SF5_CH2CF2H,5.753,73.02,-7.039
emap3_Bn-3SF5_CH2CH2CF2H,5.623,73.02,-6.476
emap3_Bn-3SF5_OCH2CH2CH2CHF2,5.91,82.25,-7.14
emap3_Bn-3SF5_CH2CH2CF2CF3,6.258,73.02,-6.988
emap3_Bn-3SF5_CH2CF2CF3,6.388,73.02,-6.961
emap3_Bn-3SF5_CH2CH2CH2CF2CF3,6.648,73.02,-7.155
emap3_Bn-3SF5_CH2CH2CF2CH3,5.716,73.02,-6.541
emap3_Bn-3SF5_OCH2CF2CF3,6.113,82.25,-7.387
emap3_Bn-3SF5_OCH2CF2CH3,5.57,82.25,-6.954
emap3_Bn-3SF5_OCH2CH2CF2CF3,6.155,82.25,-7.296
emap3_Bn-3SF5_CH2CF2CH2F,5.795,73.02,-7.652
emap3_Bn-3SF5_CH2CH2CF2CH2F,5.665,73.02,-6.478
emap3_Bn-3SF5_OCH2CF2CH2F,5.52,82.25,-6.203
emap3_Bn-3SF5_CH2CH2CF2CH2CHF2,5.961,73.02,-7.911
emap3_Bn-3SF5_CH2CH2CF2CH2CF3,6.258,73.02,-7.006
emap3_Bn-3SF5_OCH2CH2CF2CH2F,5.562,82.25,-7.081
emap3_Bn-3SF5_CH2CH2CF2CH2CH2F,6.055,73.02,-6.72
emap3_Bn-3SF5_CH2CF2CH2CH2F,6.185,73.02,-7.191
emap3_Bn-3SF5_CH2CF2CH2CHF2,6.091,73.02,-7.483
emap3_Bn-3SF5_CH2CF2CH2CF3,6.388,73.02,-6.982
emap3_Bn-3SF5_OCH2CF2CH2CH2F,5.91,82.25,-6.681
emap3_Bn-3SF5_OCH2CH2CF2CH2CH2F,5.952,82.25,-7.513
emap3_Bn-3SF5_CH2CH2CF2CH2CH2CHF2,6.351,73.02,-8.472
emap3_Bn-3SF5_CH2CH2CF2CH2CH2CF3,6.648,73.02,-7.233
emap3_Bn-4OCF2H_Me,2.762,82.25,-5.783
emap3_Bn-4OCF2H_Et,3.245,82.25,-1.458
emap3_Bn-4OCF2H_nPr,3.635,82.25,-6.313
emap3_Bn-4OCF2H_nBu,4.025,82.25,-6.335
emap3_Bn-4OCF2H_CH2F,3.152,82.25,-4.877
emap3_Bn-4OCF2H_CH2CH2F,3.194,82.25,-6.082
emap3_Bn-4OCF2H_CH2CH2CH2F,3.584,82.25,-6.155
emap3_Bn-4OCF2H_CH2CHF2,3.62,82.25,-4.973
emap3_Bn-4OCF2H_CH2CH2CHF2,3.49,82.25,-4.97
emap3_Bn-4OCF2H_CH2CH2CH2CHF2,3.88,82.25,-5.846
emap3_Bn-4OCF2H_CH2CF3,3.701,82.25,-6.219
emap3_Bn-4OCF2H_CH2CH2CF3,3.787,82.25,-6.333
emap3_Bn-4OCF2H_CH2CH2CH2CF3,4.177,82.25,-6.194
emap3_Bn-4OCF2H_OCH2F,3.006,91.48,-6.27
emap3_Bn-4OCF2H_OCH2CHF2,3.344,91.48,-6.199
emap3_Bn-4OCF2H_OCH2CF3,3.642,91.48,-6.156
emap3_Bn-4OCF2H_OCH2CH2F,3.049,91.48,-4.737
emap3_Bn-4OCF2H_OCH2CH2CF3,3.684,91.48,-5.83
emap3_Bn-4OCF2H_OCH2CH2CHF2,3.387,91.48,-5.908
emap3_Bn-4OCF2H_OCH2CH2CH2F,3.091,91.48,-6.012
emap3_Bn-4OCF2H_OCH2CH2CH2CF3,4.074,91.48,-6.117
emap3_Bn-4OCF2H_CH2SiMe3,4.102,82.25,-5.608
emap3_Bn-4OCF2H_CH2CH2SiMe3,4.563,82.25,-5.977
emap3_Bn-4OCF2H_OSiMe3,3.411,91.48,-5.589
emap3_Bn-4OCF2H_CH2SiEt3,5.272,82.25,-5.424
emap3_Bn-4OCF2H_tBu,3.98,82.25,-6.337
emap3_Bn-4OCF2H_BnCH2,4.581,82.25,-6.489
emap3_Bn-4OCF2H_PhCH2F,4.683,82.25,-5.726
emap3_Bn-4OCF2H_OCH2CF2H,3.344,91.48,-6.244
emap3_Bn-4OCF2H_OCH2CH2CF2H,3.387,91.48,-5.798
emap3_Bn-4OCF2H_CH2CF2H,3.62,82.25,-4.929
emap3_Bn-4OCF2H_CH2CH2CF2H,3.49,82.25,-4.992
emap3_Bn-4OCF2H_OCH2CH2CH2CHF2,3.777,91.48,-6.123
emap3_Bn-4OCF2H_CH2CH2CF2CF3,4.125,82.25,-6.307
emap3_Bn-4OCF2H_CH2CF2CF3,4.255,82.25,-6.315
emap3_Bn-4OCF2H_CH2CH2CH2CF2CF3,4.515,82.25,-6.045
emap3_Bn-4OCF2H_CH2CH2CF2CH3,3.583,82.25,-4.921
emap3_Bn-4OCF2H_OCH2CF2CF3,3.98,91.48,-5.722
emap3_Bn-4OCF2H_OCH2CF2CH3,3.437,91.48,-6.14
emap3_Bn-4OCF2H_OCH2CH2CF2CF3,4.022,91.48,-6.004
emap3_Bn-4OCF2H_CH2CF2CH2F,3.662,82.25,-4.772
emap3_Bn-4OCF2H_CH2CH2CF2CH2F,3.532,82.25,-6.164
emap3_Bn-4OCF2H_OCH2CF2CH2F,3.387,91.48,-5.892
emap3_Bn-4OCF2H_CH2CH2CF2CH2CHF2,3.828,82.25,-5.915
emap3_Bn-4OCF2H_CH2CH2CF2CH2CF3,4.125,82.25,-6.29
emap3_Bn-4OCF2H_OCH2CH2CF2CH2F,3.429,91.48,-5.563
emap3_Bn-4OCF2H_CH2CH2CF2CH2CH2F,3.922,82.25,-6.045
emap3_Bn-4OCF2H_CH2CF2CH2CH2F,4.052,82.25,-5.807
emap3_Bn-4OCF2H_CH2CF2CH2CHF2,3.958,82.25,-5.681
emap3_Bn-4OCF2H_CH2CF2CH2CF3,4.255,82.25,-5.941
emap3_Bn-4OCF2H_OCH2CF2CH2CH2F,3.777,91.48,-5.963
emap3_Bn-4OCF2H_OCH2CH2CF2CH2CH2F,3.82,91.48,-6.133
emap3_Bn-4OCF2H_CH2CH2CF2CH2CH2CHF2,4.218,82.25,-6.136
emap3_Bn-4OCF2H_CH2CH2CF2CH2CH2CF3,4.515,82.25,-6.409
emap3_Bn-4OCF2CF3_Me,3.397,82.25,-5.268
emap3_Bn-4OCF2CF3_Et,3.88,82.25,-5.123
emap3_Bn-4OCF2CF3_nPr,4.27,82.25,-6.379
emap3_Bn-4OCF2CF3_nBu,4.66,82.25,-5.849
emap3_Bn-4OCF2CF3_CH2F,3.787,82.25,-5.33
emap3_Bn-4OCF2CF3_CH2CH2F,3.829,82.25,-5.782
emap3_Bn-4OCF2CF3_CH2CH2CH2F,4.22,82.25,-5.25
emap3_Bn-4OCF2CF3_CH2CHF2,4.255,82.25,-5.711
emap3_Bn-4OCF2CF3_CH2CH2CHF2,4.125,82.25,-6.665
emap3_Bn-4OCF2CF3_CH2CH2CH2CHF2,4.515,82.25,-5.032
emap3_Bn-4OCF2CF3_CH2CF3,4.336,82.25,-5.683
emap3_Bn-4OCF2CF3_CH2CH2CF3,4.422,82.25,-5.686
emap3_Bn-4OCF2CF3_CH2CH2CH2CF3,4.812,82.25,-5.391
emap3_Bn-4OCF2CF3_OCH2F,3.642,91.48,-6.358
emap3_Bn-4OCF2CF3_OCH2CHF2,3.98,91.48,-6.094
emap3_Bn-4OCF2CF3_OCH2CF3,4.277,91.48,-6.452
emap3_Bn-4OCF2CF3_OCH2CH2F,3.684,91.48,-6.431
emap3_Bn-4OCF2CF3_OCH2CH2CF3,4.319,91.48,-5.771
emap3_Bn-4OCF2CF3_OCH2CH2CHF2,4.022,91.48,-6.231
emap3_Bn-4OCF2CF3_OCH2CH2CH2F,3.727,91.48,-6.139
emap3_Bn-4OCF2CF3_OCH2CH2CH2CF3,4.71,91.48,-6.97
emap3_Bn-4OCF2CF3_CH2SiMe3,4.737,82.25,-6.656
emap3_Bn-4OCF2CF3_CH2CH2SiMe3,5.198,82.25,-6.214
emap3_Bn-4OCF2CF3_OSiMe3,4.047,91.48,-6.47
emap3_Bn-4OCF2CF3_CH2SiEt3,5.908,82.25,-5.67
emap3_Bn-4OCF2CF3_tBu,4.615,82.25,-5.814
emap3_Bn-4OCF2CF3_BnCH2,5.217,82.25,-5.9
emap3_Bn-4OCF2CF3_PhCH2F,5.319,82.25,-6.406
emap3_Bn-4OCF2CF3_OCH2CF2H,3.98,91.48,-6.678
emap3_Bn-4OCF2CF3_OCH2CH2CF2H,4.022,91.48,-6.081
emap3_Bn-4OCF2CF3_CH2CF2H,4.255,82.25,-5.098
emap3_Bn-4OCF2CF3_CH2CH2CF2H,4.125,82.25,-5.167
emap3_Bn-4OCF2CF3_OCH2CH2CH2CHF2,4.412,91.48,-5.771
emap3_Bn-4OCF2CF3_CH2CH2CF2CF3,4.76,82.25,-6.172
emap3_Bn-4OCF2CF3_CH2CF2CF3,4.89,82.25,-5.099
emap3_Bn-4OCF2CF3_CH2CH2CH2CF2CF3,5.15,82.25,-6.883
emap3_Bn-4OCF2CF3_CH2CH2CF2CH3,4.218,82.25,-6.685
emap3_Bn-4OCF2CF3_OCH2CF2CF3,4.615,91.48,-6.415
emap3_Bn-4OCF2CF3_OCH2CF2CH3,4.073,91.48,-4.891
emap3_Bn-4OCF2CF3_OCH2CH2CF2CF3,4.658,91.48,-6.832
emap3_Bn-4OCF2CF3_CH2CF2CH2F,4.298,82.25,-6.369
emap3_Bn-4OCF2CF3_CH2CH2CF2CH2F,4.168,82.25,-6.253
emap3_Bn-4OCF2CF3_OCH2CF2CH2F,4.022,91.48,-5.727
emap3_Bn-4OCF2CF3_CH2CH2CF2CH2CHF2,4.463,82.25,-6.119
emap3_Bn-4OCF2CF3_CH2CH2CF2CH2CF3,4.76,82.25,-6.166
emap3_Bn-4OCF2CF3_OCH2CH2CF2CH2F,4.065,91.48,-5.89
emap3_Bn-4OCF2CF3_CH2CH2CF2CH2CH2F,4.558,82.25,-5.454
emap3_Bn-4OCF2CF3_CH2CF2CH2CH2F,4.688,82.25,-6.006
emap3_Bn-4OCF2CF3_CH2CF2CH2CHF2,4.593,82.25,-6.75
emap3_Bn-4OCF2CF3_CH2CF2CH2CF3,4.89,82.25,-7.061
emap3_Bn-4OCF2CF3_OCH2CF2CH2CH2F,4.412,91.48,-6.015
emap3_Bn-4OCF2CF3_OCH2CH2CF2CH2CH2F,4.455,91.48,-6.552
emap3_Bn-4OCF2CF3_CH2CH2CF2CH2CH2CHF2,4.853,82.25,-5.913
emap3_Bn-4OCF2CF3_CH2CH2CF2CH2CH2CF3,5.15,82.25,-5.654
emap3_Bn-4OCF2Ph_Me,4.207,82.25,-5.136
emap3_Bn-4OCF2Ph_Et,4.69,82.25,-6.511
emap3_Bn-4OCF2Ph_nPr,5.08,82.25,-6.765
emap3_Bn-4OCF2Ph_nBu,5.47,82.25,-6.693
emap3_Bn-4OCF2Ph_CH2F,4.597,82.25,-5.273
emap3_Bn-4OCF2Ph_CH2CH2F,4.64,82.25,-5.054
emap3_Bn-4OCF2Ph_CH2CH2CH2F,5.03,82.25,-6.068
emap3_Bn-4OCF2Ph_CH2CHF2,5.065,82.25,-5.352
emap3_Bn-4OCF2Ph_CH2CH2CHF2,4.935,82.25,-6.982
emap3_Bn-4OCF2Ph_CH2CH2CH2CHF2,5.326,82.25,-6.76
emap3_Bn-4OCF2Ph_CH2CF3,5.147,82.25,-6.048
emap3_Bn-4OCF2Ph_CH2CH2CF3,5.233,82.25,-6.604
emap3_Bn-4OCF2Ph_CH2CH2CH2CF3,5.623,82.25,-6.218
emap3_Bn-4OCF2Ph_OCH2F,4.452,91.48,-7.018
emap3_Bn-4OCF2Ph_OCH2CHF2,4.79,91.48,-6.468
emap3_Bn-4OCF2Ph_OCH2CF3,5.087,91.48,-7.003
emap3_Bn-4OCF2Ph_OCH2CH2F,4.495,91.48,-6.649
emap3_Bn-4OCF2Ph_OCH2CH2CF3,5.13,91.48,-6.606
emap3_Bn-4OCF2Ph_OCH2CH2CHF2,4.833,91.48,-6.637
emap3_Bn-4OCF2Ph_OCH2CH2CH2F,4.537,91.48,-6.526
emap3_Bn-4OCF2Ph_OCH2CH2CH2CF3,5.52,91.48,-6.787
emap3_Bn-4OCF2Ph_CH2SiMe3,5.548,82.25,-6.416
emap3_Bn-4OCF2Ph_CH2CH2SiMe3,6.009,82.25,-5.056
emap3_Bn-4OCF2Ph_OSiMe3,4.857,91.48,-6.039
emap3_Bn-4OCF2Ph_CH2SiEt3,6.718,82.25,-6.425
emap3_Bn-4OCF2Ph_tBu,5.425,82.25,-6.008
emap3_Bn-4OCF2Ph_BnCH2,6.027,82.25,-6.211
emap3_Bn-4OCF2Ph_PhCH2F,6.129,82.25,-6.908
emap3_Bn-4OCF2Ph_OCH2CF2H,4.79,91.48,-6.373
emap3_Bn-4OCF2Ph_OCH2CH2CF2H,4.833,91.48,-6.483
emap3_Bn-4OCF2Ph_CH2CF2H,5.065,82.25,-5.24
emap3_Bn-4OCF2Ph_CH2CH2CF2H,4.935,82.25,-6.774
emap3_Bn-4OCF2Ph_OCH2CH2CH2CHF2,5.223,91.48,-3.913
emap3_Bn-4OCF2Ph_CH2CH2CF2CF3,5.571,82.25,-7.47
emap3_Bn-4OCF2Ph_CH2CF2CF3,5.701,82.25,-6.158
emap3_Bn-4OCF2Ph_CH2CH2CH2CF2CF3,5.961,82.25,-6.992
emap3_Bn-4OCF2Ph_CH2CH2CF2CH3,5.028,82.25,-6.116
emap3_Bn-4OCF2Ph_OCH2CF2CF3,5.425,91.48,-6.962
emap3_Bn-4OCF2Ph_OCH2CF2CH3,4.883,91.48,-6.827
emap3_Bn-4OCF2Ph_OCH2CH2CF2CF3,5.468,91.48,-6.077
emap3_Bn-4OCF2Ph_CH2CF2CH2F,5.108,82.25,-5.844
emap3_Bn-4OCF2Ph_CH2CH2CF2CH2F,4.978,82.25,-6.239
emap3_Bn-4OCF2Ph_OCH2CF2CH2F,4.833,91.48,-6.708
emap3_Bn-4OCF2Ph_CH2CH2CF2CH2CHF2,5.274,82.25,-7.192
emap3_Bn-4OCF2Ph_CH2CH2CF2CH2CF3,5.571,82.25,-7.471
emap3_Bn-4OCF2Ph_OCH2CH2CF2CH2F,4.875,91.48,-5.952
emap3_Bn-4OCF2Ph_CH2CH2CF2CH2CH2F,5.368,82.25,-6.029
emap3_Bn-4OCF2Ph_CH2CF2CH2CH2F,5.498,82.25,-6.64
emap3_Bn-4OCF2Ph_CH2CF2CH2CHF2,5.404,82.25,-6.026
emap3_Bn-4OCF2Ph_CH2CF2CH2CF3,5.701,82.25,-6.173
emap3_Bn-4OCF2Ph_OCH2CF2CH2CH2F,5.223,91.48,-6.504
emap3_Bn-4OCF2Ph_OCH2CH2CF2CH2CH2F,5.265,91.48,-5.141
emap3_Bn-4OCF2Ph_CH2CH2CF2CH2CH2CHF2,5.664,82.25,-6.348
emap3_Bn-4OCF2Ph_CH2CH2CF2CH2CH2CF3,5.961,82.25,-6.839
emap3_Bn-3OMe_4F_Me,2.308,82.25,-6.027
emap3_Bn-3OMe_4F_Et,2.791,82.25,-6.226
emap3_Bn-3OMe_4F_nPr,3.181,82.25,-5.133
emap3_Bn-3OMe_4F_nBu,3.571,82.25,-5.907
emap3_Bn-3OMe_4F_CH2F,2.698,82.25,-4.98
emap3_Bn-3OMe_4F_CH2CH2F,2.74,82.25,-5.993
emap3_Bn-3OMe_4F_CH2CH2CH2F,3.131,82.25,-5.838
emap3_Bn-3OMe_4F_CH2CHF2,3.166,82.25,-6.394
emap3_Bn-3OMe_4F_CH2CH2CHF2,3.036,82.25,-6.141
emap3_Bn-3OMe_4F_CH2CH2CH2CHF2,3.426,82.25,-6.211
emap3_Bn-3OMe_4F_CH2CF3,3.247,82.25,-6.472
emap3_Bn-3OMe_4F_CH2CH2CF3,3.333,82.25,-6.169
emap3_Bn-3OMe_4F_CH2CH2CH2CF3,3.723,82.25,-5.756
emap3_Bn-3OMe_4F_OCH2F,2.553,91.48,-4.811
emap3_Bn-3OMe_4F_OCH2CHF2,2.891,91.48,-6.242
emap3_Bn-3OMe_4F_OCH2CF3,3.188,91.48,-6.113
emap3_Bn-3OMe_4F_OCH2CH2F,2.595,91.48,-5.816
emap3_Bn-3OMe_4F_OCH2CH2CF3,3.23,91.48,-6.264
emap3_Bn-3OMe_4F_OCH2CH2CHF2,2.933,91.48,-6.126
emap3_Bn-3OMe_4F_OCH2CH2CH2F,2.638,91.48,-6.132
emap3_Bn-3OMe_4F_OCH2CH2CH2CF3,3.621,91.48,-6.174
emap3_Bn-3OMe_4F_CH2SiMe3,3.648,82.25,-5.915
emap3_Bn-3OMe_4F_CH2CH2SiMe3,4.109,82.25,-5.791
emap3_Bn-3OMe_4F_OSiMe3,2.958,91.48,-6.414
emap3_Bn-3OMe_4F_CH2SiEt3,4.819,82.25,-5.919
emap3_Bn-3OMe_4F_tBu,3.526,82.25,-6.043
emap3_Bn-3OMe_4F_BnCH2,4.128,82.25,-6.098
emap3_Bn-3OMe_4F_PhCH2F,4.23,82.25,-6.481
emap3_Bn-3OMe_4F_OCH2CF2H,2.891,91.48,-6.302
emap3_Bn-3OMe_4F_OCH2CH2CF2H,2.933,91.48,-6.189
emap3_Bn-3OMe_4F_CH2CF2H,3.166,82.25,-6.317
emap3_Bn-3OMe_4F_CH2CH2CF2H,3.036,82.25,-6.124
emap3_Bn-3OMe_4F_OCH2CH2CH2CHF2,3.323,91.48,-5.945
emap3_Bn-3OMe_4F_CH2CH2CF2CF3,3.671,82.25,-6.251
emap3_Bn-3OMe_4F_CH2CF2CF3,3.801,82.25,-6.512
emap3_Bn-3OMe_4F_CH2CH2CH2CF2CF3,4.061,82.25,-6.588
emap3_Bn-3OMe_4F_CH2CH2CF2CH3,3.129,82.25,-6.216
emap3_Bn-3OMe_4F_OCH2CF2CF3,3.526,91.48,-5.505
emap3_Bn-3OMe_4F_OCH2CF2CH3,2.984,91.48,-6.21
emap3_Bn-3OMe_4F_OCH2CH2CF2CF3,3.569,91.48,-5.61
emap3_Bn-3OMe_4F_CH2CF2CH2F,3.209,82.25,-5.887
emap3_Bn-3OMe_4F_CH2CH2CF2CH2F,3.079,82.25,-6.03
emap3_Bn-3OMe_4F_OCH2CF2CH2F,2.933,91.48,-5.987
emap3_Bn-3OMe_4F_CH2CH2CF2CH2CHF2,3.374,82.25,-5.736
emap3_Bn-3OMe_4F_CH2CH2CF2CH2CF3,3.671,82.25,-6.229
emap3_Bn-3OMe_4F_OCH2CH2CF2CH2F,2.976,91.48,-6.166
emap3_Bn-3OMe_4F_CH2CH2CF2CH2CH2F,3.469,82.25,-5.975
emap3_Bn-3OMe_4F_CH2CF2CH2CH2F,3.599,82.25,-5.87
emap3_Bn-3OMe_4F_CH2CF2CH2CHF2,3.504,82.25,-5.506
emap3_Bn-3OMe_4F_CH2CF2CH2CF3,3.801,82.25,-6.412
emap3_Bn-3OMe_4F_OCH2CF2CH2CH2F,3.323,91.48,-5.26
emap3_Bn-3OMe_4F_OCH2CH2CF2CH2CH2F,3.366,91.48,-6.002
emap3_Bn-3OMe_4F_CH2CH2CF2CH2CH2CHF2,3.764,82.25,-6.255
emap3_Bn-3OMe_4F_CH2CH2CF2CH2CH2CF3,4.061,82.25,-6.404
emap3_Bn-3F_4CF3_Me,3.395,73.02,-5.091
emap3_Bn-3F_4CF3_Et,3.878,73.02,-5.325
emap3_Bn-3F_4CF3_nPr,4.268,73.02,-6.614
emap3_Bn-3F_4CF3_nBu,4.658,73.02,-6.436
emap3_Bn-3F_4CF3_CH2F,3.785,73.02,-6.733
emap3_Bn-3F_4CF3_CH2CH2F,3.828,73.02,-6.386
emap3_Bn-3F_4CF3_CH2CH2CH2F,4.218,73.02,-6.132
emap3_Bn-3F_4CF3_CH2CHF2,4.253,73.02,-5.045
emap3_Bn-3F_4CF3_CH2CH2CHF2,4.123,73.02,-5.037
emap3_Bn-3F_4CF3_CH2CH2CH2CHF2,4.513,73.02,-6.729
emap3_Bn-3F_4CF3_CH2CF3,4.334,73.02,-5.239
emap3_Bn-3F_4CF3_CH2CH2CF3,4.42,73.02,-6.913
emap3_Bn-3F_4CF3_CH2CH2CH2CF3,4.811,73.02,-6.76
emap3_Bn-3F_4CF3_OCH2F,3.64,82.25,-6.454
emap3_Bn-3F_4CF3_OCH2CHF2,3.978,82.25,-5.401
emap3_Bn-3F_4CF3_OCH2CF3,4.275,82.25,-6.762
emap3_Bn-3F_4CF3_OCH2CH2F,3.682,82.25,-6.45
emap3_Bn-3F_4CF3_OCH2CH2CF3,4.318,82.25,-5.733
emap3_Bn-3F_4CF3_OCH2CH2CHF2,4.02,82.25,-6.601
emap3_Bn-3F_4CF3_OCH2CH2CH2F,3.725,82.25,-5.447
emap3_Bn-3F_4CF3_OCH2CH2CH2CF3,4.708,82.25,-5.897
emap3_Bn-3F_4CF3_CH2SiMe3,4.736,73.02,-6.406
emap3_Bn-3F_4CF3_CH2CH2SiMe3,5.196,73.02,-6.572
emap3_Bn-3F_4CF3_OSiMe3,4.045,82.25,-6.399
emap3_Bn-3F_4CF3_CH2SiEt3,5.906,73.02,-5.284
emap3_Bn-3F_4CF3_tBu,4.613,73.02,-5.16
emap3_Bn-3F_4CF3_BnCH2,5.215,73.02,-5.974
emap3_Bn-3F_4CF3_PhCH2F,5.317,73.02,-6.778
emap3_Bn-3F_4CF3_OCH2CF2H,3.978,82.25,-6.592
emap3_Bn-3F_4CF3_OCH2CH2CF2H,4.02,82.25,-6.61
emap3_Bn-3F_4CF3_CH2CF2H,4.253,73.02,-4.991
emap3_Bn-3F_4CF3_CH2CH2CF2H,4.123,73.02,-5.027
emap3_Bn-3F_4CF3_OCH2CH2CH2CHF2,4.41,82.25,-5.82
emap3_Bn-3F_4CF3_CH2CH2CF2CF3,4.759,73.02,-5.689
emap3_Bn-3F_4CF3_CH2CF2CF3,4.889,73.02,-5.752
emap3_Bn-3F_4CF3_CH2CH2CH2CF2CF3,5.149,73.02,-6.315
emap3_Bn-3F_4CF3_CH2CH2CF2CH3,4.216,73.02,-6.665
emap3_Bn-3F_4CF3_OCH2CF2CF3,4.613,82.25,-6.005
emap3_Bn-3F_4CF3_OCH2CF2CH3,4.071,82.25,-5.61
emap3_Bn-3F_4CF3_OCH2CH2CF2CF3,4.656,82.25,-5.638
emap3_Bn-3F_4CF3_CH2CF2CH2F,4.296,73.02,-4.993
emap3_Bn-3F_4CF3_CH2CH2CF2CH2F,4.166,73.02,-6.794
emap3_Bn-3F_4CF3_OCH2CF2CH2F,4.02,82.25,-5.777
emap3_Bn-3F_4CF3_CH2CH2CF2CH2CHF2,4.461,73.02,-6.897
emap3_Bn-3F_4CF3_CH2CH2CF2CH2CF3,4.759,73.02,-6.095
emap3_Bn-3F_4CF3_OCH2CH2CF2CH2F,4.063,82.25,-5.758
emap3_Bn-3F_4CF3_CH2CH2CF2CH2CH2F,4.556,73.02,-6.373
emap3_Bn-3F_4CF3_CH2CF2CH2CH2F,4.686,73.02,-5.624
emap3_Bn-3F_4CF3_CH2CF2CH2CHF2,4.591,73.02,-6.848
emap3_Bn-3F_4CF3_CH2CF2CH2CF3,4.889,73.02,-5.772
emap3_Bn-3F_4CF3_OCH2CF2CH2CH2F,4.41,82.25,-5.514
emap3_Bn-3F_4CF3_OCH2CH2CF2CH2CH2F,4.453,82.25,-5.689
emap3_Bn-3F_4CF3_CH2CH2CF2CH2CH2CHF2,4.851,73.02,-5.931
emap3_Bn-3F_4CF3_CH2CH2CF2CH2CH2CF3,5.149,73.02,-6.871
emap3_Bn-3Cl_4CF3_Me,3.909,73.02,-5.128
emap3_Bn-3Cl_4CF3_Et,4.392,73.02,-4.989
emap3_Bn-3Cl_4CF3_nPr,4.782,73.02,-4.865
emap3_Bn-3Cl_4CF3_nBu,5.173,73.02,-4.989
emap3_Bn-3Cl_4CF3_CH2F,4.299,73.02,-6.786
emap3_Bn-3Cl_4CF3_CH2CH2F,4.342,73.02,-4.895
emap3_Bn-3Cl_4CF3_CH2CH2CH2F,4.732,73.02,-4.883
emap3_Bn-3Cl_4CF3_CH2CHF2,4.768,73.02,-5.04
emap3_Bn-3Cl_4CF3_CH2CH2CHF2,4.638,73.02,-5.092
emap3_Bn-3Cl_4CF3_CH2CH2CH2CHF2,5.028,73.02,-5.769
emap3_Bn-3Cl_4CF3_CH2CF3,4.849,73.02,-5.704
emap3_Bn-3Cl_4CF3_CH2CH2CF3,4.935,73.02,-7.037
emap3_Bn-3Cl_4CF3_CH2CH2CH2CF3,5.325,73.02,-6.814
emap3_Bn-3Cl_4CF3_OCH2F,4.154,82.25,-4.814
emap3_Bn-3Cl_4CF3_OCH2CHF2,4.492,82.25,-4.973
emap3_Bn-3Cl_4CF3_OCH2CF3,4.789,82.25,-6.787
emap3_Bn-3Cl_4CF3_OCH2CH2F,4.197,82.25,-6.319
emap3_Bn-3Cl_4CF3_OCH2CH2CF3,4.832,82.25,-6.048
emap3_Bn-3Cl_4CF3_OCH2CH2CHF2,4.535,82.25,-4.951
emap3_Bn-3Cl_4CF3_OCH2CH2CH2F,4.239,82.25,-5.335
emap3_Bn-3Cl_4CF3_OCH2CH2CH2CF3,5.222,82.25,-5.898
emap3_Bn-3Cl_4CF3_CH2SiMe3,5.25,73.02,-5.307
emap3_Bn-3Cl_4CF3_CH2CH2SiMe3,5.711,73.02,-6.513
emap3_Bn-3Cl_4CF3_OSiMe3,4.559,82.25,-5.162
emap3_Bn-3Cl_4CF3_CH2SiEt3,6.42,73.02,-5.88
emap3_Bn-3Cl_4CF3_tBu,5.127,73.02,-5.479
emap3_Bn-3Cl_4CF3_BnCH2,5.729,73.02,-6.018
emap3_Bn-3Cl_4CF3_PhCH2F,5.831,73.02,-6.27
emap3_Bn-3Cl_4CF3_OCH2CF2H,4.492,82.25,-5.631
emap3_Bn-3Cl_4CF3_OCH2CH2CF2H,4.535,82.25,-6.532
emap3_Bn-3Cl_4CF3_CH2CF2H,4.768,73.02,-5.073
emap3_Bn-3Cl_4CF3_CH2CH2CF2H,4.638,73.02,-4.952
emap3_Bn-3Cl_4CF3_OCH2CH2CH2CHF2,4.925,82.25,-6.03
emap3_Bn-3Cl_4CF3_CH2CH2CF2CF3,5.273,73.02,-5.625
emap3_Bn-3Cl_4CF3_CH2CF2CF3,5.403,73.02,-5.689
emap3_Bn-3Cl_4CF3_CH2CH2CH2CF2CF3,5.663,73.02,-5.908
emap3_Bn-3Cl_4CF3_CH2CH2CF2CH3,4.73,73.02,-4.937
emap3_Bn-3Cl_4CF3_OCH2CF2CF3,5.127,82.25,-5.751
emap3_Bn-3Cl_4CF3_OCH2CF2CH3,4.585,82.25,-5.698
emap3_Bn-3Cl_4CF3_OCH2CH2CF2CF3,5.17,82.25,-7.225
emap3_Bn-3Cl_4CF3_CH2CF2CH2F,4.81,73.02,-5.295
emap3_Bn-3Cl_4CF3_CH2CH2CF2CH2F,4.68,73.02,-6.797
emap3_Bn-3Cl_4CF3_OCH2CF2CH2F,4.535,82.25,-5.448
emap3_Bn-3Cl_4CF3_CH2CH2CF2CH2CHF2,4.976,73.02,-5.827
emap3_Bn-3Cl_4CF3_CH2CH2CF2CH2CF3,5.273,73.02,-5.639
emap3_Bn-3Cl_4CF3_OCH2CH2CF2CH2F,4.577,82.25,-5.829
emap3_Bn-3Cl_4CF3_CH2CH2CF2CH2CH2F,5.07,73.02,-6.715
emap3_Bn-3Cl_4CF3_CH2CF2CH2CH2F,5.2,73.02,-5.629
emap3_Bn-3Cl_4CF3_CH2CF2CH2CHF2,5.106,73.02,-5.425
emap3_Bn-3Cl_4CF3_CH2CF2CH2CF3,5.403,73.02,-5.724
emap3_Bn-3Cl_4CF3_OCH2CF2CH2CH2F,4.925,82.25,-5.76
emap3_Bn-3Cl_4CF3_OCH2CH2CF2CH2CH2F,4.967,82.25,-5.045
emap3_Bn-3Cl_4CF3_CH2CH2CF2CH2CH2CHF2,5.366,73.02,-5.851
emap3_Bn-3Cl_4CF3_CH2CH2CF2CH2CH2CF3,5.663,73.02,-6.861
emap3_Bn-3F_4OMe_Me,2.308,82.25,-6.266
emap3_Bn-3F_4OMe_Et,2.791,82.25,-5.708
emap3_Bn-3F_4OMe_nPr,3.181,82.25,-4.928
emap3_Bn-3F_4OMe_nBu,3.571,82.25,-5.941
emap3_Bn-3F_4OMe_CH2F,2.698,82.25,-5.803
emap3_Bn-3F_4OMe_CH2CH2F,2.74,82.25,-6.07
emap3_Bn-3F_4OMe_CH2CH2CH2F,3.131,82.25,-5.914
emap3_Bn-3F_4OMe_CH2CHF2,3.166,82.25,-6.511
emap3_Bn-3F_4OMe_CH2CH2CHF2,3.036,82.25,-6.279
emap3_Bn-3F_4OMe_CH2CH2CH2CHF2,3.426,82.25,-6.573
emap3_Bn-3F_4OMe_CH2CF3,3.247,82.25,-5.993
emap3_Bn-3F_4OMe_CH2CH2CF3,3.333,82.25,-6.419
emap3_Bn-3F_4OMe_CH2CH2CH2CF3,3.723,82.25,-6.426
emap3_Bn-3F_4OMe_OCH2F,2.553,91.48,-5.993
emap3_Bn-3F_4OMe_OCH2CHF2,2.891,91.48,-6.291
emap3_Bn-3F_4OMe_OCH2CF3,3.188,91.48,-6.331
emap3_Bn-3F_4OMe_OCH2CH2F,2.595,91.48,-5.761
emap3_Bn-3F_4OMe_OCH2CH2CF3,3.23,91.48,-6.11
emap3_Bn-3F_4OMe_OCH2CH2CHF2,2.933,91.48,-5.938
emap3_Bn-3F_4OMe_OCH2CH2CH2F,2.638,91.48,-6.287
emap3_Bn-3F_4OMe_OCH2CH2CH2CF3,3.621,91.48,-5.15
emap3_Bn-3F_4OMe_CH2SiMe3,3.648,82.25,-5.349
emap3_Bn-3F_4OMe_CH2CH2SiMe3,4.109,82.25,-5.815
emap3_Bn-3F_4OMe_OSiMe3,2.958,91.48,-5.01
emap3_Bn-3F_4OMe_CH2SiEt3,4.819,82.25,-6.042
emap3_Bn-3F_4OMe_tBu,3.526,82.25,-6.087
emap3_Bn-3F_4OMe_BnCH2,4.128,82.25,-5.525
emap3_Bn-3F_4OMe_PhCH2F,4.23,82.25,-6.646
emap3_Bn-3F_4OMe_OCH2CF2H,2.891,91.48,-6.253
emap3_Bn-3F_4OMe_OCH2CH2CF2H,2.933,91.48,-5.958
emap3_Bn-3F_4OMe_CH2CF2H,3.166,82.25,-6.052
emap3_Bn-3F_4OMe_CH2CH2CF2H,3.036,82.25,-5.999
emap3_Bn-3F_4OMe_OCH2CH2CH2CHF2,3.323,91.48,-6.092
emap3_Bn-3F_4OMe_CH2CH2CF2CF3,3.671,82.25,-6.45
emap3_Bn-3F_4OMe_CH2CF2CF3,3.801,82.25,-6.71
emap3_Bn-3F_4OMe_CH2CH2CH2CF2CF3,4.061,82.25,-6.447
emap3_Bn-3F_4OMe_CH2CH2CF2CH3,3.129,82.25,-6.07
emap3_Bn-3F_4OMe_OCH2CF2CF3,3.526,91.48,-6.332
emap3_Bn-3F_4OMe_OCH2CF2CH3,2.984,91.48,-6.269
emap3_Bn-3F_4OMe_OCH2CH2CF2CF3,3.569,91.48,-5.894
emap3_Bn-3F_4OMe_CH2CF2CH2F,3.209,82.25,-6.103
emap3_Bn-3F_4OMe_CH2CH2CF2CH2F,3.079,82.25,-6.51
emap3_Bn-3F_4OMe_OCH2CF2CH2F,2.933,91.48,-5.951
emap3_Bn-3F_4OMe_CH2CH2CF2CH2CHF2,3.374,82.25,-6.205
emap3_Bn-3F_4OMe_CH2CH2CF2CH2CF3,3.671,82.25,-6.463
emap3_Bn-3F_4OMe_OCH2CH2CF2CH2F,2.976,91.48,-4.644
emap3_Bn-3F_4OMe_CH2CH2CF2CH2CH2F,3.469,82.25,-6.011
emap3_Bn-3F_4OMe_CH2CF2CH2CH2F,3.599,82.25,-5.982
emap3_Bn-3F_4OMe_CH2CF2CH2CHF2,3.504,82.25,-4.881
emap3_Bn-3F_4OMe_CH2CF2CH2CF3,3.801,82.25,-6.107
emap3_Bn-3F_4OMe_OCH2CF2CH2CH2F,3.323,91.48,-4.811
emap3_Bn-3F_4OMe_OCH2CH2CF2CH2CH2F,3.366,91.48,-4.753
emap3_Bn-3F_4OMe_CH2CH2CF2CH2CH2CHF2,3.764,82.25,-6.284
emap3_Bn-3F_4OMe_CH2CH2CF2CH2CH2CF3,4.061,82.25,-5.533
emap3_Bn-3CF3_4F_Me,3.395,73.02,-6.715
emap3_Bn-3CF3_4F_Et,3.878,73.02,-6.688
emap3_Bn-3CF3_4F_nPr,4.268,73.02,-6.748
emap3_Bn-3CF3_4F_nBu,4.658,73.02,-6.619
emap3_Bn-3CF3_4F_CH2F,3.785,73.02,-7.049
emap3_Bn-3CF3_4F_CH2CH2F,3.828,73.02,-6.724
emap3_Bn-3CF3_4F_CH2CH2CH2F,4.218,73.02,-6.746
emap3_Bn-3CF3_4F_CH2CHF2,4.253,73.02,-6.672
emap3_Bn-3CF3_4F_CH2CH2CHF2,4.123,73.02,-6.823
emap3_Bn-3CF3_4F_CH2CH2CH2CHF2,4.513,73.02,-6.774
emap3_Bn-3CF3_4F_CH2CF3,4.334,73.02,-6.911
emap3_Bn-3CF3_4F_CH2CH2CF3,4.42,73.02,-6.892
emap3_Bn-3CF3_4F_CH2CH2CH2CF3,4.811,73.02,-6.953
emap3_Bn-3CF3_4F_OCH2F,3.64,82.25,-5.178
emap3_Bn-3CF3_4F_OCH2CHF2,3.978,82.25,-6.647
emap3_Bn-3CF3_4F_OCH2CF3,4.275,82.25,-6.918
emap3_Bn-3CF3_4F_OCH2CH2F,3.682,82.25,-6.689
emap3_Bn-3CF3_4F_OCH2CH2CF3,4.318,82.25,-6.817
emap3_Bn-3CF3_4F_OCH2CH2CHF2,4.02,82.25,-6.729
emap3_Bn-3CF3_4F_OCH2CH2CH2F,3.725,82.25,-6.473
emap3_Bn-3CF3_4F_OCH2CH2CH2CF3,4.708,82.25,-7.095
emap3_Bn-3CF3_4F_CH2SiMe3,4.736,73.02,-6.505
emap3_Bn-3CF3_4F_CH2CH2SiMe3,5.196,73.02,-5.272
emap3_Bn-3CF3_4F_OSiMe3,4.045,82.25,-6.816
emap3_Bn-3CF3_4F_CH2SiEt3,5.906,73.02,-6.154
emap3_Bn-3CF3_4F_tBu,4.613,73.02,-6.9
emap3_Bn-3CF3_4F_BnCH2,5.215,73.02,-7.276
emap3_Bn-3CF3_4F_PhCH2F,5.317,73.02,-7.267
emap3_Bn-3CF3_4F_OCH2CF2H,3.978,82.25,-6.718
emap3_Bn-3CF3_4F_OCH2CH2CF2H,4.02,82.25,-6.736
emap3_Bn-3CF3_4F_CH2CF2H,4.253,73.02,-6.758
emap3_Bn-3CF3_4F_CH2CH2CF2H,4.123,73.02,-6.863
emap3_Bn-3CF3_4F_OCH2CH2CH2CHF2,4.41,82.25,-6.744
emap3_Bn-3CF3_4F_CH2CH2CF2CF3,4.759,73.02,-6.963
emap3_Bn-3CF3_4F_CH2CF2CF3,4.889,73.02,-6.892
emap3_Bn-3CF3_4F_CH2CH2CH2CF2CF3,5.149,73.02,-6.695
emap3_Bn-3CF3_4F_CH2CH2CF2CH3,4.216,73.02,-6.887
emap3_Bn-3CF3_4F_OCH2CF2CF3,4.613,82.25,-6.583
emap3_Bn-3CF3_4F_OCH2CF2CH3,4.071,82.25,-6.89
emap3_Bn-3CF3_4F_OCH2CH2CF2CF3,4.656,82.25,-6.644
emap3_Bn-3CF3_4F_CH2CF2CH2F,4.296,73.02,-6.821
emap3_Bn-3CF3_4F_CH2CH2CF2CH2F,4.166,73.02,-6.802
emap3_Bn-3CF3_4F_OCH2CF2CH2F,4.02,82.25,-6.801
emap3_Bn-3CF3_4F_CH2CH2CF2CH2CHF2,4.461,73.02,-6.803
emap3_Bn-3CF3_4F_CH2CH2CF2CH2CF3,4.759,73.02,-6.948
emap3_Bn-3CF3_4F_OCH2CH2CF2CH2F,4.063,82.25,-6.462
emap3_Bn-3CF3_4F_CH2CH2CF2CH2CH2F,4.556,73.02,-6.679
emap3_Bn-3CF3_4F_CH2CF2CH2CH2F,4.686,73.02,-6.782
emap3_Bn-3CF3_4F_CH2CF2CH2CHF2,4.591,73.02,-7.047
emap3_Bn-3CF3_4F_CH2CF2CH2CF3,4.889,73.02,-6.886
emap3_Bn-3CF3_4F_OCH2CF2CH2CH2F,4.41,82.25,-6.724
emap3_Bn-3CF3_4F_OCH2CH2CF2CH2CH2F,4.453,82.25,-6.788
emap3_Bn-3CF3_4F_CH2CH2CF2CH2CH2CHF2,4.851,73.02,-6.972
emap3_Bn-3CF3_4F_CH2CH2CF2CH2CH2CF3,5.149,73.02,-5.113
emap3_Bn-3F_4SF5_Me,5.034,73.02,-6.154
emap3_Bn-3F_4SF5_Et,5.517,73.02,-6.285
emap3_Bn-3F_4SF5_nPr,5.907,73.02,-6.37
emap3_Bn-3F_4SF5_nBu,6.297,73.02,-7.74
emap3_Bn-3F_4SF5_CH2F,5.424,73.02,-4.742
emap3_Bn-3F_4SF5_CH2CH2F,5.466,73.02,-5.242
emap3_Bn-3F_4SF5_CH2CH2CH2F,5.856,73.02,-6.143
emap3_Bn-3F_4SF5_CH2CHF2,5.892,73.02,-6.444
emap3_Bn-3F_4SF5_CH2CH2CHF2,5.762,73.02,-7.477
emap3_Bn-3F_4SF5_CH2CH2CH2CHF2,6.152,73.02,-6.092
emap3_Bn-3F_4SF5_CH2CF3,5.973,73.02,-5.606
emap3_Bn-3F_4SF5_CH2CH2CF3,6.059,73.02,-8.63
emap3_Bn-3F_4SF5_CH2CH2CH2CF3,6.449,73.02,-7.831
emap3_Bn-3F_4SF5_OCH2F,5.278,82.25,-6.839
emap3_Bn-3F_4SF5_OCH2CHF2,5.616,82.25,-7.811
emap3_Bn-3F_4SF5_OCH2CF3,5.914,82.25,-8.058
emap3_Bn-3F_4SF5_OCH2CH2F,5.321,82.25,-4.738
emap3_Bn-3F_4SF5_OCH2CH2CF3,5.956,82.25,-7.296
emap3_Bn-3F_4SF5_OCH2CH2CHF2,5.659,82.25,-7.581
emap3_Bn-3F_4SF5_OCH2CH2CH2F,5.363,82.25,-7.316
emap3_Bn-3F_4SF5_OCH2CH2CH2CF3,6.346,82.25,-7.371
emap3_Bn-3F_4SF5_CH2SiMe3,6.374,73.02,-7.922
emap3_Bn-3F_4SF5_CH2CH2SiMe3,6.835,73.02,-7.314
emap3_Bn-3F_4SF5_OSiMe3,5.683,82.25,-6.833
emap3_Bn-3F_4SF5_CH2SiEt3,7.544,73.02,-6.866
emap3_Bn-3F_4SF5_tBu,6.252,73.02,-5.806
emap3_Bn-3F_4SF5_BnCH2,6.853,73.02,-6.26
emap3_Bn-3F_4SF5_PhCH2F,6.955,73.02,-8.036
emap3_Bn-3F_4SF5_OCH2CF2H,5.616,82.25,-7.866
emap3_Bn-3F_4SF5_OCH2CH2CF2H,5.659,82.25,-7.507
emap3_Bn-3F_4SF5_CH2CF2H,5.892,73.02,-6.36
emap3_Bn-3F_4SF5_CH2CH2CF2H,5.762,73.02,-7.486
emap3_Bn-3F_4SF5_OCH2CH2CH2CHF2,6.049,82.25,-6.955
emap3_Bn-3F_4SF5_CH2CH2CF2CF3,6.397,73.02,-8.217
emap3_Bn-3F_4SF5_CH2CF2CF3,6.527,73.02,-8.001
emap3_Bn-3F_4SF5_CH2CH2CH2CF2CF3,6.787,73.02,-8.224
emap3_Bn-3F_4SF5_CH2CH2CF2CH3,5.855,73.02,-6.896
emap3_Bn-3F_4SF5_OCH2CF2CF3,6.252,82.25,-7.062
emap3_Bn-3F_4SF5_OCH2CF2CH3,5.709,82.25,-5.907
emap3_Bn-3F_4SF5_OCH2CH2CF2CF3,6.294,82.25,-7.181
emap3_Bn-3F_4SF5_CH2CF2CH2F,5.934,73.02,-6.548
emap3_Bn-3F_4SF5_CH2CH2CF2CH2F,5.804,73.02,-7.714
emap3_Bn-3F_4SF5_OCH2CF2CH2F,5.659,82.25,-7.477
emap3_Bn-3F_4SF5_CH2CH2CF2CH2CHF2,6.1,73.02,-7.098
emap3_Bn-3F_4SF5_CH2CH2CF2CH2CF3,6.397,73.02,-8.079
emap3_Bn-3F_4SF5_OCH2CH2CF2CH2F,5.701,82.25,-6.407
emap3_Bn-3F_4SF5_CH2CH2CF2CH2CH2F,6.194,73.02,-7.647
emap3_Bn-3F_4SF5_CH2CF2CH2CH2F,6.324,73.02,-7.658
emap3_Bn-3F_4SF5_CH2CF2CH2CHF2,6.23,73.02,-7.813
emap3_Bn-3F_4SF5_CH2CF2CH2CF3,6.527,73.02,-8.034
emap3_Bn-3F_4SF5_OCH2CF2CH2CH2F,6.049,82.25,-8.148
emap3_Bn-3F_4SF5_OCH2CH2CF2CH2CH2F,6.092,82.25,-6.682
emap3_Bn-3F_4SF5_CH2CH2CF2CH2CH2CHF2,6.49,73.02,-6.882
emap3_Bn-3F_4SF5_CH2CH2CF2CH2CH2CF3,6.787,73.02,-8.079
emap3_Bn-3OMe_4CF3_Me,3.188,82.25,-5.434
emap3_Bn-3OMe_4CF3_Et,3.671,82.25,-5.207
emap3_Bn-3OMe_4CF3_nPr,4.061,82.25,-5.373
emap3_Bn-3OMe_4CF3_nBu,4.451,82.25,-6.392
emap3_Bn-3OMe_4CF3_CH2F,3.578,82.25,-4.911
emap3_Bn-3OMe_4CF3_CH2CH2F,3.62,82.25,-5.254
emap3_Bn-3OMe_4CF3_CH2CH2CH2F,4.01,82.25,-6.306
emap3_Bn-3OMe_4CF3_CH2CHF2,4.046,82.25,-6.551
emap3_Bn-3OMe_4CF3_CH2CH2CHF2,3.916,82.25,-6.566
emap3_Bn-3OMe_4CF3_CH2CH2CH2CHF2,4.306,82.25,-6.137
emap3_Bn-3OMe_4CF3_CH2CF3,4.127,82.25,-5.216
emap3_Bn-3OMe_4CF3_CH2CH2CF3,4.213,82.25,-4.763
emap3_Bn-3OMe_4CF3_CH2CH2CH2CF3,4.603,82.25,-4.897
emap3_Bn-3OMe_4CF3_OCH2F,3.432,91.48,-6.395
emap3_Bn-3OMe_4CF3_OCH2CHF2,3.77,91.48,-6.595
emap3_Bn-3OMe_4CF3_OCH2CF3,4.068,91.48,-5.889
emap3_Bn-3OMe_4CF3_OCH2CH2F,3.475,91.48,-5.078
emap3_Bn-3OMe_4CF3_OCH2CH2CF3,4.11,91.48,-5.995
emap3_Bn-3OMe_4CF3_OCH2CH2CHF2,3.813,91.48,-4.739
emap3_Bn-3OMe_4CF3_OCH2CH2CH2F,3.517,91.48,-6.535
emap3_Bn-3OMe_4CF3_OCH2CH2CH2CF3,4.5,91.48,-6.165
emap3_Bn-3OMe_4CF3_CH2SiMe3,4.528,82.25,-5.016
emap3_Bn-3OMe_4CF3_CH2CH2SiMe3,4.989,82.25,-4.778
emap3_Bn-3OMe_4CF3_OSiMe3,3.837,91.48,-6.608
emap3_Bn-3OMe_4CF3_CH2SiEt3,5.698,82.25,-4.891
emap3_Bn-3OMe_4CF3_tBu,4.406,82.25,-4.854
emap3_Bn-3OMe_4CF3_BnCH2,5.007,82.25,-6.352
emap3_Bn-3OMe_4CF3_PhCH2F,5.109,82.25,-6.045
emap3_Bn-3OMe_4CF3_OCH2CF2H,3.77,91.48,-6.547
emap3_Bn-3OMe_4CF3_OCH2CH2CF2H,3.813,91.48,-5.927
emap3_Bn-3OMe_4CF3_CH2CF2H,4.046,82.25,-6.544
emap3_Bn-3OMe_4CF3_CH2CH2CF2H,3.916,82.25,-6.678
emap3_Bn-3OMe_4CF3_OCH2CH2CH2CHF2,4.203,91.48,-6.415
emap3_Bn-3OMe_4CF3_CH2CH2CF2CF3,4.551,82.25,-6.641
emap3_Bn-3OMe_4CF3_CH2CF2CF3,4.681,82.25,-5.518
emap3_Bn-3OMe_4CF3_CH2CH2CH2CF2CF3,4.941,82.25,-6.241
emap3_Bn-3OMe_4CF3_CH2CH2CF2CH3,4.009,82.25,-6.52
emap3_Bn-3OMe_4CF3_OCH2CF2CF3,4.406,91.48,-6.487
emap3_Bn-3OMe_4CF3_OCH2CF2CH3,3.863,91.48,-6.314
emap3_Bn-3OMe_4CF3_OCH2CH2CF2CF3,4.448,91.48,-5.622
emap3_Bn-3OMe_4CF3_CH2CF2CH2F,4.088,82.25,-6.41
emap3_Bn-3OMe_4CF3_CH2CH2CF2CH2F,3.958,82.25,-6.341
emap3_Bn-3OMe_4CF3_OCH2CF2CH2F,3.813,91.48,-5.591
emap3_Bn-3OMe_4CF3_CH2CH2CF2CH2CHF2,4.254,82.25,-5.51
emap3_Bn-3OMe_4CF3_CH2CH2CF2CH2CF3,4.551,82.25,-5.66
emap3_Bn-3OMe_4CF3_OCH2CH2CF2CH2F,3.855,91.48,-6.339
emap3_Bn-3OMe_4CF3_CH2CH2CF2CH2CH2F,4.348,82.25,-6.506
emap3_Bn-3OMe_4CF3_CH2CF2CH2CH2F,4.478,82.25,-4.677
emap3_Bn-3OMe_4CF3_CH2CF2CH2CHF2,4.384,82.25,-6.654
emap3_Bn-3OMe_4CF3_CH2CF2CH2CF3,4.681,82.25,-5.624
emap3_Bn-3OMe_4CF3_OCH2CF2CH2CH2F,4.203,91.48,-6.285
emap3_Bn-3OMe_4CF3_OCH2CH2CF2CH2CH2F,4.246,91.48,-6.4
emap3_Bn-3OMe_4CF3_CH2CH2CF2CH2CH2CHF2,4.644,82.25,-6.63
emap3_Bn-3OMe_4CF3_CH2CH2CF2CH2CH2CF3,4.941,82.25,-6.677
AC-5216_emapunil,3.3,73.02,-6.228