ligand_id,source_round,MW,TPSA,HBD,HBA,RB,cLogP,logD74_EST,CNS_gate,Efflux_risk,logS_EST
"emap_Bn-3,5diF_CH2CH2F",round1,469.47,73.02,0,6,8,3.56,3.56,Brain,tertiary_amine,-4.92
"emap_Bn-3,5diF_CH2F",round1,455.44,73.02,0,6,7,3.51,3.51,Brain,tertiary_amine,-4.89
"emap_Bn-3,5diF_Et",round1,451.48,73.02,0,6,7,3.61,3.61,Brain,tertiary_amine,-4.92
"emap_Bn-3,5diF_Me",round1,437.45,73.02,0,6,6,3.12,3.12,Brain,tertiary_amine,-4.61
emap_Bn-4CF3_CH2CH2F,round1,501.48,73.02,0,6,8,4.3,4.3,Brain,tertiary_amine,-5.56
emap_Bn-4CF3_CH2F,round1,487.46,73.02,0,6,7,4.25,4.25,Brain,tertiary_amine,-5.52
emap_Bn-4CF3_Et,round1,483.49,73.02,0,6,7,4.35,4.35,Brain,tertiary_amine,-5.56
emap_Bn-4CF3_Me,round1,469.47,73.02,0,6,6,3.86,3.86,Brain,tertiary_amine,-5.25
emap_Bn-4CN_CH2CH2F,round1,458.5,96.81,0,7,8,3.15,3.15,Border,high_polarity;tertiary_amine,-4.6
emap_Bn-4CN_CH2F,round1,444.47,96.81,0,7,7,3.11,3.11,Border,high_polarity;tertiary_amine,-4.56
emap_Bn-4CN_Et,round1,440.51,96.81,0,7,7,3.2,3.2,Border,high_polarity;tertiary_amine,-4.6
emap_Bn-4CN_Me,round1,426.48,96.81,0,7,6,2.72,2.72,Border,high_polarity;tertiary_amine,-4.29
emap_Bn-4F_CH2CH2F,round1,451.48,73.02,0,6,8,3.42,3.42,Brain,tertiary_amine,-4.73
emap_Bn-4F_CH2F,round1,437.45,73.02,0,6,7,3.37,3.37,Brain,tertiary_amine,-4.7
emap_Bn-4F_Et,round1,433.49,73.02,0,6,7,3.47,3.47,Brain,tertiary_amine,-4.74
emap_Bn-4F_Me,round1,419.46,73.02,0,6,6,2.98,2.98,Brain,tertiary_amine,-4.43
emap_Bn-4OCF3_CH2CH2F,round1,517.48,82.25,0,7,9,4.18,4.18,Brain,size_flex;tertiary_amine,-5.51
emap_Bn-4OCF3_CH2F,round1,503.46,82.25,0,7,8,4.13,4.13,Brain,tertiary_amine,-5.47
emap_Bn-4OCF3_Et,round1,499.49,82.25,0,7,8,4.23,4.23,Brain,tertiary_amine,-5.5
emap_Bn-4OCF3_Me,round1,485.47,82.25,0,7,7,3.74,3.74,Brain,tertiary_amine,-5.19
emap_Bn-4OCHF2_CH2CH2F,round1,499.49,82.25,0,7,10,3.88,3.88,Brain,size_flex;tertiary_amine,-5.15
emap_Bn-4OCHF2_CH2F,round1,485.47,82.25,0,7,9,3.84,3.84,Brain,size_flex;tertiary_amine,-5.12
emap_Bn-4OCHF2_Et,round1,481.5,82.25,0,7,9,3.93,3.93,Brain,size_flex;tertiary_amine,-5.15
emap_Bn-4OCHF2_Me,round1,467.48,82.25,0,7,8,3.45,3.45,Brain,tertiary_amine,-4.84
emap_Bn-4OMe_CH2CH2F,round1,463.51,82.25,0,7,9,3.29,3.29,Brain,size_flex;tertiary_amine,-4.65
emap_Bn-4OMe_CH2F,round1,449.49,82.25,0,7,8,3.24,3.24,Brain,tertiary_amine,-4.61
emap_Bn-4OMe_Et,round1,445.52,82.25,0,7,8,3.34,3.34,Brain,tertiary_amine,-4.65
emap_Bn-4OMe_Me,round1,431.5,82.25,0,7,7,2.85,2.85,Brain,tertiary_amine,-4.34
emap_Bn_CH2CH2F,round1,433.49,73.02,0,6,8,3.28,3.28,Brain,tertiary_amine,-4.55
emap_Bn_CH2F,round1,419.46,73.02,0,6,7,3.24,3.24,Brain,tertiary_amine,-4.52
emap_Bn_Et,round1,415.5,73.02,0,6,7,3.33,3.33,Brain,tertiary_amine,-4.55
emap_Bn_Me,round1,401.47,73.02,0,6,6,2.85,2.85,Brain,tertiary_amine,-4.24
"emap2_Bn-3,4diCl_CH2CF3",round2,538.36,73.02,0,6,7,5.18,5.18,Border,high_logP;size_flex;tertiary_amine,-6.41
"emap2_Bn-3,4diCl_CH2CH2F",round2,502.38,73.02,0,6,8,4.59,4.59,Brain,high_logP;tertiary_amine,-5.77
"emap2_Bn-3,4diCl_CH2F",round2,488.35,73.02,0,6,7,4.54,4.54,Brain,high_logP;tertiary_amine,-5.74
"emap2_Bn-3,4diCl_CHF2",round2,506.34,73.02,0,6,7,5.01,5.01,Border,high_logP;tertiary_amine,-6.13
"emap2_Bn-3,4diCl_Et",round2,484.39,73.02,0,6,7,4.64,4.64,Brain,high_logP;tertiary_amine,-5.77
"emap2_Bn-3,4diCl_Me",round2,470.36,73.02,0,6,6,4.15,4.15,Brain,tertiary_amine,-5.46
"emap2_Bn-3,4diCl_cPr",round2,496.4,73.02,0,6,7,4.95,4.95,Brain,high_logP;tertiary_amine,-6.03
"emap2_Bn-3,4diCl_iPr",round2,498.41,73.02,0,6,7,5.2,5.2,Border,high_logP;tertiary_amine,-6.2
"emap2_Bn-3,4diF_CH2CF3",round2,505.45,73.02,0,6,7,4.15,4.15,Brain,tertiary_amine,-5.56
"emap2_Bn-3,4diF_CH2CH2F",round2,469.47,73.02,0,6,8,3.56,3.56,Brain,tertiary_amine,-4.92
"emap2_Bn-3,4diF_CH2F",round2,455.44,73.02,0,6,7,3.51,3.51,Brain,tertiary_amine,-4.89
"emap2_Bn-3,4diF_CHF2",round2,473.43,73.02,0,6,7,3.98,3.98,Brain,tertiary_amine,-5.28
"emap2_Bn-3,4diF_Et",round2,451.48,73.02,0,6,7,3.61,3.61,Brain,tertiary_amine,-4.92
"emap2_Bn-3,4diF_Me",round2,437.45,73.02,0,6,6,3.12,3.12,Brain,tertiary_amine,-4.61
"emap2_Bn-3,4diF_cPr",round2,463.49,73.02,0,6,7,3.92,3.92,Brain,tertiary_amine,-5.18
"emap2_Bn-3,4diF_iPr",round2,465.5,73.02,0,6,7,4.17,4.17,Brain,tertiary_amine,-5.35
"emap2_Bn-3,5diF_CH2CF3",round2,505.45,73.02,0,6,7,4.15,4.15,Brain,tertiary_amine,-5.56
"emap2_Bn-3,5diF_CH2CH2F",round2,469.47,73.02,0,6,8,3.56,3.56,Brain,tertiary_amine,-4.92
"emap2_Bn-3,5diF_CH2F",round2,455.44,73.02,0,6,7,3.51,3.51,Brain,tertiary_amine,-4.89
"emap2_Bn-3,5diF_CHF2",round2,473.43,73.02,0,6,7,3.98,3.98,Brain,tertiary_amine,-5.28
"emap2_Bn-3,5diF_Et",round2,451.48,73.02,0,6,7,3.61,3.61,Brain,tertiary_amine,-4.92
"emap2_Bn-3,5diF_Me",round2,437.45,73.02,0,6,6,3.12,3.12,Brain,tertiary_amine,-4.61
"emap2_Bn-3,5diF_cPr",round2,463.49,73.02,0,6,7,3.92,3.92,Brain,tertiary_amine,-5.18
"emap2_Bn-3,5diF_iPr",round2,465.5,73.02,0,6,7,4.17,4.17,Brain,tertiary_amine,-5.35
emap2_Bn-4Br_CH2CF3,round2,548.36,73.02,0,6,7,4.63,4.63,Brain,high_logP;size_flex;tertiary_amine,-6.14
emap2_Bn-4Br_CH2CH2F,round2,512.38,73.02,0,6,8,4.04,4.04,Brain,tertiary_amine,-5.51
emap2_Bn-4Br_CH2F,round2,498.36,73.02,0,6,7,4.0,4.0,Brain,tertiary_amine,-5.47
emap2_Bn-4Br_CHF2,round2,516.35,73.02,0,6,7,4.47,4.47,Brain,tertiary_amine,-5.86
emap2_Bn-4Br_Et,round2,494.39,73.02,0,6,7,4.09,4.09,Brain,tertiary_amine,-5.51
emap2_Bn-4Br_Me,round2,480.37,73.02,0,6,6,3.61,3.61,Brain,tertiary_amine,-5.2
emap2_Bn-4Br_cPr,round2,506.4,73.02,0,6,7,4.41,4.41,Brain,tertiary_amine,-5.76
emap2_Bn-4Br_iPr,round2,508.42,73.02,0,6,7,4.65,4.65,Brain,high_logP;tertiary_amine,-5.93
emap2_Bn-4CF2H_CH2CF3,round2,519.47,73.02,0,6,8,4.81,4.81,Brain,high_logP;tertiary_amine,-5.98
emap2_Bn-4CF2H_CH2CH2F,round2,483.49,73.02,0,6,9,4.22,4.22,Brain,size_flex;tertiary_amine,-5.34
emap2_Bn-4CF2H_CH2F,round2,469.47,73.02,0,6,8,4.17,4.17,Brain,tertiary_amine,-5.31
emap2_Bn-4CF2H_CHF2,round2,487.46,73.02,0,6,8,4.64,4.64,Brain,high_logP;tertiary_amine,-5.7
emap2_Bn-4CF2H_Et,round2,465.5,73.02,0,6,8,4.27,4.27,Brain,tertiary_amine,-5.34
emap2_Bn-4CF2H_Me,round2,451.48,73.02,0,6,7,3.78,3.78,Brain,tertiary_amine,-5.03
emap2_Bn-4CF2H_cPr,round2,477.52,73.02,0,6,8,4.58,4.58,Brain,high_logP;tertiary_amine,-5.6
emap2_Bn-4CF2H_iPr,round2,479.53,73.02,0,6,8,4.83,4.83,Brain,high_logP;tertiary_amine,-5.77
emap2_Bn-4CF3_CH2CF3,round2,537.46,73.02,0,6,7,4.89,4.89,Brain,high_logP;size_flex;tertiary_amine,-6.2
emap2_Bn-4CF3_CH2CH2F,round2,501.48,73.02,0,6,8,4.3,4.3,Brain,tertiary_amine,-5.56
emap2_Bn-4CF3_CH2F,round2,487.46,73.02,0,6,7,4.25,4.25,Brain,tertiary_amine,-5.52
emap2_Bn-4CF3_CHF2,round2,505.45,73.02,0,6,7,4.72,4.72,Brain,high_logP;tertiary_amine,-5.92
emap2_Bn-4CF3_Et,round2,483.49,73.02,0,6,7,4.35,4.35,Brain,tertiary_amine,-5.56
emap2_Bn-4CF3_Me,round2,469.47,73.02,0,6,6,3.86,3.86,Brain,tertiary_amine,-5.25
emap2_Bn-4CF3_cPr,round2,495.51,73.02,0,6,7,4.66,4.66,Brain,high_logP;tertiary_amine,-5.82
emap2_Bn-4CF3_iPr,round2,497.52,73.02,0,6,7,4.91,4.91,Brain,high_logP;tertiary_amine,-5.99
emap2_Bn-4Cl_CH2CF3,round2,503.91,73.02,0,6,7,4.52,4.52,Brain,high_logP;tertiary_amine,-5.8
emap2_Bn-4Cl_CH2CH2F,round2,467.93,73.02,0,6,8,3.93,3.93,Brain,tertiary_amine,-5.16
emap2_Bn-4Cl_CH2F,round2,453.91,73.02,0,6,7,3.89,3.89,Brain,tertiary_amine,-5.13
emap2_Bn-4Cl_CHF2,round2,471.9,73.02,0,6,7,4.36,4.36,Brain,tertiary_amine,-5.52
emap2_Bn-4Cl_Et,round2,449.94,73.02,0,6,7,3.98,3.98,Brain,tertiary_amine,-5.16
emap2_Bn-4Cl_Me,round2,435.92,73.02,0,6,6,3.5,3.5,Brain,tertiary_amine,-4.85
emap2_Bn-4Cl_cPr,round2,461.95,73.02,0,6,7,4.3,4.3,Brain,tertiary_amine,-5.42
emap2_Bn-4Cl_iPr,round2,463.97,73.02,0,6,7,4.54,4.54,Brain,high_logP;tertiary_amine,-5.59
emap2_Bn-4F_CH2CF3,round2,487.46,73.02,0,6,7,4.01,4.01,Brain,tertiary_amine,-5.37
emap2_Bn-4F_CH2CH2F,round2,451.48,73.02,0,6,8,3.42,3.42,Brain,tertiary_amine,-4.73
emap2_Bn-4F_CH2F,round2,437.45,73.02,0,6,7,3.37,3.37,Brain,tertiary_amine,-4.7
emap2_Bn-4F_CHF2,round2,455.44,73.02,0,6,7,3.84,3.84,Brain,tertiary_amine,-5.09
emap2_Bn-4F_Et,round2,433.49,73.02,0,6,7,3.47,3.47,Brain,tertiary_amine,-4.74
emap2_Bn-4F_Me,round2,419.46,73.02,0,6,6,2.98,2.98,Brain,tertiary_amine,-4.43
emap2_Bn-4F_cPr,round2,445.5,73.02,0,6,7,3.78,3.78,Brain,tertiary_amine,-4.99
emap2_Bn-4F_iPr,round2,447.51,73.02,0,6,7,4.03,4.03,Brain,tertiary_amine,-5.16
emap2_Bn-4OCF3_CH2CF3,round2,553.46,82.25,0,7,8,4.77,4.77,Brain,high_logP;size_flex;tertiary_amine,-6.15
emap2_Bn-4OCF3_CH2CH2F,round2,517.48,82.25,0,7,9,4.18,4.18,Brain,size_flex;tertiary_amine,-5.51
emap2_Bn-4OCF3_CH2F,round2,503.46,82.25,0,7,8,4.13,4.13,Brain,tertiary_amine,-5.47
emap2_Bn-4OCF3_CHF2,round2,521.45,82.25,0,7,8,4.6,4.6,Brain,high_logP;size_flex;tertiary_amine,-5.86
emap2_Bn-4OCF3_Et,round2,499.49,82.25,0,7,8,4.23,4.23,Brain,tertiary_amine,-5.5
emap2_Bn-4OCF3_Me,round2,485.47,82.25,0,7,7,3.74,3.74,Brain,tertiary_amine,-5.19
emap2_Bn-4OCF3_cPr,round2,511.5,82.25,0,7,8,4.54,4.54,Brain,high_logP;tertiary_amine,-5.76
emap2_Bn-4OCF3_iPr,round2,513.52,82.25,0,7,8,4.79,4.79,Brain,high_logP;tertiary_amine,-5.93
emap2_Bn-4OCHF2_CH2CF3,round2,535.47,82.25,0,7,9,4.47,4.47,Brain,size_flex;tertiary_amine,-5.79
emap2_Bn-4OCHF2_CH2CH2F,round2,499.49,82.25,0,7,10,3.88,3.88,Brain,size_flex;tertiary_amine,-5.15
emap2_Bn-4OCHF2_CH2F,round2,485.47,82.25,0,7,9,3.84,3.84,Brain,size_flex;tertiary_amine,-5.12
emap2_Bn-4OCHF2_CHF2,round2,503.46,82.25,0,7,9,4.31,4.31,Brain,size_flex;tertiary_amine,-5.51
emap2_Bn-4OCHF2_Et,round2,481.5,82.25,0,7,9,3.93,3.93,Brain,size_flex;tertiary_amine,-5.15
emap2_Bn-4OCHF2_Me,round2,467.48,82.25,0,7,8,3.45,3.45,Brain,tertiary_amine,-4.84
emap2_Bn-4OCHF2_cPr,round2,493.51,82.25,0,7,9,4.25,4.25,Brain,size_flex;tertiary_amine,-5.41
emap2_Bn-4OCHF2_iPr,round2,495.53,82.25,0,7,9,4.49,4.49,Brain,size_flex;tertiary_amine,-5.58
emap2_Bn-4OMe_CH2CF3,round2,499.49,82.25,0,7,8,3.88,3.88,Brain,tertiary_amine,-5.28
emap2_Bn-4OMe_CH2CH2F,round2,463.51,82.25,0,7,9,3.29,3.29,Brain,size_flex;tertiary_amine,-4.65
emap2_Bn-4OMe_CH2F,round2,449.49,82.25,0,7,8,3.24,3.24,Brain,tertiary_amine,-4.61
emap2_Bn-4OMe_CHF2,round2,467.48,82.25,0,7,8,3.71,3.71,Brain,tertiary_amine,-5.01
emap2_Bn-4OMe_Et,round2,445.52,82.25,0,7,8,3.34,3.34,Brain,tertiary_amine,-4.65
emap2_Bn-4OMe_Me,round2,431.5,82.25,0,7,7,2.85,2.85,Brain,tertiary_amine,-4.34
emap2_Bn-4OMe_cPr,round2,457.53,82.25,0,7,8,3.65,3.65,Brain,tertiary_amine,-4.91
emap2_Bn-4OMe_iPr,round2,459.55,82.25,0,7,8,3.9,3.9,Brain,tertiary_amine,-5.07
emap2_Bn-4SF5_CH2CF3,round2,595.52,73.02,0,6,8,6.53,6.53,Poor,high_logP;size_flex;tertiary_amine,-7.51
emap2_Bn-4SF5_CH2CH2F,round2,559.54,73.02,0,6,9,5.94,5.94,Border,high_logP;size_flex;tertiary_amine,-6.86
emap2_Bn-4SF5_CH2F,round2,545.51,73.02,0,6,8,5.89,5.89,Border,high_logP;size_flex;tertiary_amine,-6.83
emap2_Bn-4SF5_CHF2,round2,563.5,73.02,0,6,8,6.36,6.36,Poor,high_logP;size_flex;tertiary_amine,-7.22
emap2_Bn-4SF5_Et,round2,541.55,73.02,0,6,8,5.99,5.99,Border,high_logP;size_flex;tertiary_amine,-6.86
emap2_Bn-4SF5_Me,round2,527.52,73.02,0,6,7,5.5,5.5,Border,high_logP;size_flex;tertiary_amine,-6.55
emap2_Bn-4SF5_cPr,round2,553.56,73.02,0,6,8,6.3,6.3,Poor,high_logP;size_flex;tertiary_amine,-7.12
emap2_Bn-4SF5_iPr,round2,555.57,73.02,0,6,8,6.55,6.55,Poor,high_logP;size_flex;tertiary_amine,-7.29
emap2_Bn-4iPr_CH2CF3,round2,511.55,73.02,0,6,8,4.99,4.99,Brain,high_logP;tertiary_amine,-6.05
emap2_Bn-4iPr_CH2CH2F,round2,475.57,73.02,0,6,9,4.4,4.4,Brain,size_flex;tertiary_amine,-5.41
emap2_Bn-4iPr_CH2F,round2,461.54,73.02,0,6,8,4.36,4.36,Brain,tertiary_amine,-5.38
emap2_Bn-4iPr_CHF2,round2,479.53,73.02,0,6,8,4.83,4.83,Brain,high_logP;tertiary_amine,-5.77
emap2_Bn-4iPr_Et,round2,457.58,73.02,0,6,8,4.45,4.45,Brain,tertiary_amine,-5.41
emap2_Bn-4iPr_Me,round2,443.55,73.02,0,6,7,3.97,3.97,Brain,tertiary_amine,-5.1
emap2_Bn-4iPr_cPr,round2,469.59,73.02,0,6,8,4.77,4.77,Brain,high_logP;tertiary_amine,-5.67
emap2_Bn-4iPr_iPr,round2,471.61,73.02,0,6,8,5.01,5.01,Border,high_logP;tertiary_amine,-5.84
emap2_Bn_CH2CF3,round2,469.47,73.02,0,6,7,3.87,3.87,Brain,tertiary_amine,-5.18
emap2_Bn_CH2CH2F,round2,433.49,73.02,0,6,8,3.28,3.28,Brain,tertiary_amine,-4.55
emap2_Bn_CH2F,round2,419.46,73.02,0,6,7,3.24,3.24,Brain,tertiary_amine,-4.52
emap2_Bn_CHF2,round2,437.45,73.02,0,6,7,3.7,3.7,Brain,tertiary_amine,-4.91
emap2_Bn_Et,round2,415.5,73.02,0,6,7,3.33,3.33,Brain,tertiary_amine,-4.55
emap2_Bn_Me,round2,401.47,73.02,0,6,6,2.85,2.85,Brain,tertiary_amine,-4.24
emap2_Bn_cPr,round2,427.51,73.02,0,6,7,3.64,3.64,Brain,tertiary_amine,-4.81
emap2_Bn_iPr,round2,429.52,73.02,0,6,7,3.89,3.89,Brain,tertiary_amine,-4.98
