endpoint,endpoint_label,candidate,n_independent_trajectories,replicate_1,replicate_2,replicate_3,mean,sd,median,min,max,range
fixed_contacts_mean,Fixed-pocket contacts,A3,3,12.205,19.672,4.949,12.275333333333334,7.361751988034732,12.205,4.949,19.672,14.723
fixed_contacts_mean,Fixed-pocket contacts,A7,3,26.6,36.121,21.302,28.007666666666665,7.50911674788276,26.6,21.302,36.121,14.819000000000003
fixed_contacts_mean,Fixed-pocket contacts,A8,3,14.602,17.656,14.455,15.570999999999998,1.8071582664503951,14.602,14.455,17.656,3.2009999999999987
fixed_contacts_mean,Fixed-pocket contacts,A15,3,16.033,14.612,20.404,17.016333333333336,3.0186129817075473,16.033,14.612,20.404,5.792
fixed_contacts_mean,Fixed-pocket contacts,AC-5216,3,20.866,15.977,19.403,18.74866666666667,2.5093214886365858,19.403,15.977,20.866,4.888999999999999
com_to_pocket_mean_A,COM-to-pocket distance,A3,3,7.35202374124527,8.068481847763062,11.429842762470246,8.950116117159526,2.1771796506482266,8.068481847763062,7.35202374124527,11.429842762470246,4.077819021224976
com_to_pocket_mean_A,COM-to-pocket distance,A7,3,5.073873855352402,5.962780526638031,7.521880741119385,6.18617837436994,1.2391990868980969,5.962780526638031,5.073873855352402,7.521880741119385,2.4480068857669828
com_to_pocket_mean_A,COM-to-pocket distance,A8,3,7.4984113070964815,7.538317336082459,7.958078488349915,7.664935710509618,0.2546519957457656,7.538317336082459,7.4984113070964815,7.958078488349915,0.4596671812534332
com_to_pocket_mean_A,COM-to-pocket distance,A15,3,8.130674294948578,9.098033597946166,7.012035150051117,8.080247680981955,1.0439130776564889,8.130674294948578,7.012035150051117,9.098033597946166,2.085998447895049
com_to_pocket_mean_A,COM-to-pocket distance,AC-5216,3,6.044256760597229,7.412183788776398,7.512438255786896,6.98962626838684,0.8202471391188573,7.412183788776398,6.044256760597229,7.512438255786896,1.4681814951896675
frames_fixed_contacts_ge10_pct,Frames with >=10 fixed-pocket contacts,A3,3,66.10000000000001,72.89999999999999,15.7,51.56666666666666,31.246973186747756,66.10000000000001,15.7,72.89999999999999,57.19999999999999
frames_fixed_contacts_ge10_pct,Frames with >=10 fixed-pocket contacts,A7,3,99.8,99.8,94.9,98.16666666666667,2.8290163190291615,99.8,94.9,99.8,4.8999999999999915
frames_fixed_contacts_ge10_pct,Frames with >=10 fixed-pocket contacts,A8,3,75.5,91.0,82.3,82.93333333333334,7.769384359994898,82.3,75.5,91.0,15.5
frames_fixed_contacts_ge10_pct,Frames with >=10 fixed-pocket contacts,A15,3,85.7,77.3,91.7,84.89999999999999,7.2332565280100525,85.7,77.3,91.7,14.400000000000006
frames_fixed_contacts_ge10_pct,Frames with >=10 fixed-pocket contacts,AC-5216,3,95.7,73.3,93.1,87.36666666666667,12.251258438761846,93.1,73.3,95.7,22.400000000000006
ligand_rmsd_mean_A,Ligand heavy-atom RMSD,A3,3,3.88634747795789,5.0352159289287615,7.235409653802242,5.385657686896298,1.7018112215264536,5.0352159289287615,3.88634747795789,7.235409653802242,3.3490621758443524
ligand_rmsd_mean_A,Ligand heavy-atom RMSD,A7,3,4.325137945488276,5.958247898149583,5.214739273792249,5.166041705810036,0.8176433325209049,5.214739273792249,4.325137945488276,5.958247898149583,1.6331099526613073
ligand_rmsd_mean_A,Ligand heavy-atom RMSD,A8,3,5.408498219768457,4.011896490839081,8.383697938290187,5.934697549632574,2.2328963869929077,5.408498219768457,4.011896490839081,8.383697938290187,4.371801447451106
ligand_rmsd_mean_A,Ligand heavy-atom RMSD,A15,3,5.023267161565456,8.517014053437059,5.4230695699803615,6.321116928327626,1.9121803339359749,5.4230695699803615,5.023267161565456,8.517014053437059,3.493746891871603
ligand_rmsd_mean_A,Ligand heavy-atom RMSD,AC-5216,3,2.408434665545633,5.879088012936375,4.044182985407787,4.110568554629931,1.7362787642799045,4.044182985407787,2.408434665545633,5.879088012936375,3.470653347390742
ligand_rmsd_final2ns_mean_A,Ligand RMSD final 2 ns,A3,3,5.246304148738,4.981039911160835,9.70900992801611,6.645451329304982,2.6564327103725063,5.246304148738,4.981039911160835,9.70900992801611,4.727970016855275
ligand_rmsd_final2ns_mean_A,Ligand RMSD final 2 ns,A7,3,4.667172853449377,6.0107236525760745,5.1051266730571285,5.26100772636086,0.685205344800234,5.1051266730571285,4.667172853449377,6.0107236525760745,1.3435507991266977
ligand_rmsd_final2ns_mean_A,Ligand RMSD final 2 ns,A8,3,5.434261387864925,4.039274424738634,9.373044682866704,6.282193498490088,2.7661377297225864,5.434261387864925,4.039274424738634,9.373044682866704,5.3337702581280695
ligand_rmsd_final2ns_mean_A,Ligand RMSD final 2 ns,A15,3,5.442107173442995,11.037003857357275,6.999821248708567,7.826310759836279,2.887564875448142,6.999821248708567,5.442107173442995,11.037003857357275,5.59489668391428
ligand_rmsd_final2ns_mean_A,Ligand RMSD final 2 ns,AC-5216,3,3.116698424339019,7.852523661588406,5.8858746333131595,5.618365573080195,2.3792185676019963,5.8858746333131595,3.116698424339019,7.852523661588406,4.7358252372493865
all_min_distance_mean_A,All-protein minimum distance,A3,3,3.42156551588839,3.324600476014858,3.410154111319851,3.3854400344076994,0.05299664081461874,3.410154111319851,3.324600476014858,3.42156551588839,0.096965039873532
all_min_distance_mean_A,All-protein minimum distance,A7,3,3.189964829301941,3.1403725952863732,3.2027247307158104,3.1776873851013754,0.03293932186955632,3.189964829301941,3.1403725952863732,3.2027247307158104,0.06235213542943718
all_min_distance_mean_A,All-protein minimum distance,A8,3,3.409432311741477,3.3417547480655254,3.323623832477761,3.358270297428254,0.04522550504364153,3.3417547480655254,3.323623832477761,3.409432311741477,0.08580847926371593
all_min_distance_mean_A,All-protein minimum distance,A15,3,3.3113615231231317,3.2855763417871713,3.181156529836055,3.259364798248786,0.0689464925157213,3.2855763417871713,3.181156529836055,3.3113615231231317,0.13020499328707658
all_min_distance_mean_A,All-protein minimum distance,AC-5216,3,3.3724514233227283,3.386735093224721,3.399702450246282,3.3862963222645774,0.013630810946662785,3.386735093224721,3.3724514233227283,3.399702450246282,0.027251026923553745
protein_rmsd_mean_A,Protein backbone RMSD,A3,3,2.277369416090217,1.9865152845700167,2.132393606277349,2.1320927689791946,0.14542729913225538,2.132393606277349,1.9865152845700167,2.277369416090217,0.29085413152020045
protein_rmsd_mean_A,Protein backbone RMSD,A7,3,2.455259872963881,1.982271138475153,2.3842165427407127,2.2739158513932494,0.2550573810382842,2.3842165427407127,1.982271138475153,2.455259872963881,0.472988734488728
protein_rmsd_mean_A,Protein backbone RMSD,A8,3,1.998605612174398,2.3649037328448927,2.4465525908663404,2.2700206452952103,0.238571214015921,2.3649037328448927,1.998605612174398,2.4465525908663404,0.44794697869194233
protein_rmsd_mean_A,Protein backbone RMSD,A15,3,2.3021978743014153,2.232725070031239,2.2728985605511793,2.269273834961278,0.034877953064824864,2.2728985605511793,2.232725070031239,2.3021978743014153,0.06947280427017644
protein_rmsd_mean_A,Protein backbone RMSD,AC-5216,3,2.4108366751431984,2.483525503920594,2.3954596841192526,2.429940621061015,0.04703847060166524,2.4108366751431984,2.3954596841192526,2.483525503920594,0.08806581980134132
fixed_contacts_final2ns_mean,Fixed-pocket contacts final 2 ns,A3,3,12.621890547263682,32.72636815920398,1.6467661691542288,15.665008291873962,15.76168896948064,12.621890547263682,1.6467661691542288,32.72636815920398,31.07960199004975
fixed_contacts_final2ns_mean,Fixed-pocket contacts final 2 ns,A7,3,29.696517412935325,34.288557213930346,23.915422885572134,29.300165837479266,5.197913030925562,29.696517412935325,23.915422885572134,34.288557213930346,10.373134328358212
fixed_contacts_final2ns_mean,Fixed-pocket contacts final 2 ns,A8,3,20.243781094527364,18.199004975124375,15.27363184079602,17.90547263681592,2.4980425989794854,18.199004975124375,15.27363184079602,20.243781094527364,4.9701492537313445
fixed_contacts_final2ns_mean,Fixed-pocket contacts final 2 ns,A15,3,15.348258706467664,10.562189054726367,14.139303482587064,13.349917081260365,2.48876753550415,14.139303482587064,10.562189054726367,15.348258706467664,4.786069651741297
fixed_contacts_final2ns_mean,Fixed-pocket contacts final 2 ns,AC-5216,3,20.855721393034827,11.26865671641791,17.71641791044776,16.613598673300164,4.887751014605394,17.71641791044776,11.26865671641791,20.855721393034827,9.587064676616917
com_to_pocket_final2ns_mean_A,COM-to-pocket distance final 2 ns,A3,3,7.578078065938618,6.607966985275496,13.48312016387484,9.223055071696317,3.72107441734304,7.578078065938618,6.607966985275496,13.48312016387484,6.875153178599344
com_to_pocket_final2ns_mean_A,COM-to-pocket distance final 2 ns,A7,3,4.36164602118345,6.112075293242042,7.536170385370207,6.003297233265234,1.5900552614463035,6.112075293242042,4.36164602118345,7.536170385370207,3.174524364186757
com_to_pocket_final2ns_mean_A,COM-to-pocket distance final 2 ns,A8,3,5.1655590534210205,6.944448250443188,7.977271668353484,6.6957596574058975,1.4222575257219552,6.944448250443188,5.1655590534210205,7.977271668353484,2.811712614932463
com_to_pocket_final2ns_mean_A,COM-to-pocket distance final 2 ns,A15,3,8.536951655772194,10.645992729794326,7.614251948114651,8.932398777893724,1.5540742780255297,8.536951655772194,7.614251948114651,10.645992729794326,3.031740781679675
com_to_pocket_final2ns_mean_A,COM-to-pocket distance final 2 ns,AC-5216,3,5.704352727576868,8.199695459052698,8.107482060864196,7.337176749164588,1.4148185543760683,8.107482060864196,5.704352727576868,8.199695459052698,2.49534273147583
fixed_contacts_delta_final_minus_first,Fixed-pocket contact drift,A3,3,-1.4468257873031476,20.18939275757103,-4.209812839251358,4.8442513770055085,13.360896203266703,-1.4468257873031476,-4.209812839251358,20.18939275757103,24.39920559682239
fixed_contacts_delta_final_minus_first,Fixed-pocket contact drift,A7,3,3.38561354245417,-4.678502714010854,2.7308029232116944,0.4793045838850034,4.4787750924152245,2.7308029232116944,-4.678502714010854,3.38561354245417,8.064116256465024
fixed_contacts_delta_final_minus_first,Fixed-pocket contact drift,A8,3,5.74561498245993,2.3093852375409476,0.896183584734338,2.9837279349117387,2.4940528814431104,2.3093852375409476,0.896183584734338,5.74561498245993,4.849431397725592
fixed_contacts_delta_final_minus_first,Fixed-pocket contact drift,A15,3,1.6178744714978848,-3.646462585850344,-12.185664742658972,-4.738084285670477,6.966215052726277,-3.646462585850344,-12.185664742658972,1.6178744714978848,13.803539214156856
fixed_contacts_delta_final_minus_first,Fixed-pocket contact drift,AC-5216,3,-1.3874695498781977,-10.485949943799774,-5.179632718530872,-5.684350737402948,4.570190540729615,-5.179632718530872,-10.485949943799774,-1.3874695498781977,9.098480393921577
com_delta_final_minus_first_A,COM-to-pocket drift,A3,3,0.1271456734672611,-2.3484710844895016,3.393196937448014,0.3906238421419245,2.879887754333679,0.1271456734672611,-2.3484710844895016,3.393196937448014,5.741668021937516
com_delta_final_minus_first_A,COM-to-pocket drift,A7,3,-0.9726093915238012,-0.0956515506798565,0.2331237919922379,-0.2783790500704733,0.6232897654647408,-0.0956515506798565,-0.9726093915238012,0.2331237919922379,1.2057331835160392
com_delta_final_minus_first_A,COM-to-pocket drift,A8,3,-2.365017033233072,-1.277585698260121,0.5394616796782303,-1.0343803506049876,1.4674333985856955,-1.277585698260121,-2.365017033233072,0.5394616796782303,2.9044787129113026
com_delta_final_minus_first_A,COM-to-pocket drift,A15,3,-0.0418508341342178,1.5325151377891275,1.1344246845664898,0.8750296627404666,0.8186094223734706,1.1344246845664898,-0.0418508341342178,1.5325151377891275,1.5743659719233454
com_delta_final_minus_first_A,COM-to-pocket drift,AC-5216,3,0.0207990712448387,1.657740652040718,1.3885757000757346,1.0223718077870971,0.8777661435599684,1.3885757000757346,0.0207990712448387,1.657740652040718,1.6369415807958794
ligand_rmsd_delta_final_minus_first_A,Ligand RMSD drift,A3,3,0.8130919288696261,-0.3893764378983908,4.2015578025854285,1.5417577645188878,2.380626960517652,0.8130919288696261,-0.3893764378983908,4.2015578025854285,4.590934240483819
ligand_rmsd_delta_final_minus_first_A,Ligand RMSD drift,A7,3,0.694906092044866,-0.1500980025383596,-0.1471625723916565,0.13254850570494994,0.48701816739530224,-0.1471625723916565,-0.1500980025383596,0.694906092044866,0.8450040945832256
ligand_rmsd_delta_final_minus_first_A,Ligand RMSD drift,A8,3,0.0524667352301131,-0.2695267220204465,1.2694698678195095,0.35080329367639207,0.8117149453249773,0.0524667352301131,-0.2695267220204465,1.2694698678195095,1.538996589839956
ligand_rmsd_delta_final_minus_first_A,Ligand RMSD drift,A15,3,0.3319427064250559,2.9135604347403454,3.5124815018236264,2.2526615476630094,1.6901323206967829,2.9135604347403454,0.3319427064250559,3.5124815018236264,3.1805387953985704
ligand_rmsd_delta_final_minus_first_A,Ligand RMSD drift,AC-5216,3,0.5634101214762861,2.5032390435976852,3.250519641119908,2.1057229353979596,1.386958429387318,2.5032390435976852,0.5634101214762861,3.250519641119908,2.687109519643622
